Unit,File Name,Path,Status,Flagged,Sample Rate (Hz),Samples,Duration (s),Number of Shots,Observation Type,Search Start (s),Search End (s),Onset Sample,Onset (s),Onset Within Shot1 (ms),Peak Sample,Peak Time (s),Peak-Onset Lag (ms),Response Stop (s),Response Duration (ms),Slope (dB/s),Decay Rate (-Slope) (dB/s),R^2,Drop Time (s),C2 (dB),Spectral Centroid (Hz),Spectral Bandwidth (Hz),Peak Frequency (Hz),Rolloff 85% (Hz),Low Power 1-10 kHz,High Power 10-30 kHz,High/Low Ratio,High Frequency Fraction,Total FFT Power
Delta,scam_0417_0703959189_698_ca0_scam04417_strike_creek_________01p02.wav,C:\Users\cmkua\Downloads\Concatenated Multishot WAVs\Delta\scam_0417_0703959189_698_ca0_scam04417_strike_creek_________01p02.wav,OK,False,100000,174000,1.74,29,29-shot,0.06899999999999999,0.079,7822.0,0.07822,18.22,7853.0,0.07853,0.31,0.08821999999999999,9.999999999999995,-15725.144842222553,15725.144842222553,0.9094576022733208,0.0005087393521819733,21.032866492881247,5989.3645644182825,3682.0664872484213,3400.0,8500.0,0.20140040546817614,0.027312772506926545,0.13561428758514746,0.11941486850619547,0.22872170650599935
Delta,scam_0418_0704038328_265_ca0_scam02418_little_beach_________01p02.wav,C:\Users\cmkua\Downloads\Concatenated Multishot WAVs\Delta\scam_0418_0704038328_265_ca0_scam02418_little_beach_________01p02.wav,OK,False,100000,174000,1.74,29,29-shot,0.06899999999999999,0.079,7209.0,0.07209,12.090000000000003,7240.0,0.0724,0.31,0.08209,9.999999999999995,-8268.138704280274,8268.138704280274,0.671690420364119,0.0009675696412614046,18.91603149569745,6840.836391336704,3258.056568251134,4700.0,9200.0,2.4136053913445754,0.25811776448037577,0.1069428189902174,0.09660627397701954,2.6718530159001492
Delta,scam_0420_0704221258_808_ca0_scam01420_broken_mountain______01p02.wav,C:\Users\cmkua\Downloads\Concatenated Multishot WAVs\Delta\scam_0420_0704221258_808_ca0_scam01420_broken_mountain______01p02.wav,OK,False,100000,174000,1.74,29,29-shot,0.06899999999999999,0.079,7514.0,0.07514,15.14,7535.0,0.07535,0.21000000000000002,0.08514,9.999999999999995,-5468.641338319978,5468.641338319978,0.9611285249834007,0.00146288620976882,9.370162208869235,5975.047066930826,2493.283760806221,4300.0,9100.0,0.8901024041626051,0.04743082289734417,0.05328692819560056,0.05059072252860366,0.9375399386819806
Delta,scam_0421_0704313596_618_ca0_scam05421_king_salmon__________01p02.wav,C:\Users\cmkua\Downloads\Concatenated Multishot WAVs\Delta\scam_0421_0704313596_618_ca0_scam05421_king_salmon__________01p02.wav,OK,False,100000,174000,1.74,29,29-shot,0.06899999999999999,0.079,7161.0,0.07161,11.609999999999996,7191.0,0.07191,0.3,0.08160999999999999,9.999999999999995,-24268.981800881418,24268.981800881418,0.8530516247636349,0.00032963888084128234,20.03567704458707,8070.044976648585,4332.536345933815,6900.0,11200.0,0.9748601135615304,0.2977090698633352,0.30538645055000974,0.2339303320895019,1.2726398804471046
Delta,scam_0422_0704402454_571_ca0_scam04422_kaguyak______________01p02.wav,C:\Users\cmkua\Downloads\Concatenated Multishot WAVs\Delta\scam_0422_0704402454_571_ca0_scam04422_kaguyak______________01p02.wav,NO PEAK,True,100000,174000,1.74,29,29-shot,0.06899999999999999,0.079,,,,,,,,,,,,,,,,,,,,,,
Delta,scam_0424_0704579883_996_ca0_scam06424_cape_gull____________01p02.wav,C:\Users\cmkua\Downloads\Concatenated Multishot WAVs\Delta\scam_0424_0704579883_996_ca0_scam06424_cape_gull____________01p02.wav,LONG PEAK-ONSET LAG,True,100000,174000,1.74,29,29-shot,0.06899999999999999,0.079,7255.0,0.07255,12.550000000000006,7301.0,0.07301,0.46,0.08255,9.999999999999995,-4867.96937053898,4867.96937053898,0.9630989070352266,0.0016433957141177005,15.093647199232805,5852.193848929588,2973.8126348732503,4600.0,9400.0,1.2235133884871918,0.16081247418285255,0.1314349934345128,0.11616562572193886,1.3843378640062
Delta,scam_0424_0704582132_115_ca0_scam07424_hook_glacier_________01p02.wav,C:\Users\cmkua\Downloads\Concatenated Multishot WAVs\Delta\scam_0424_0704582132_115_ca0_scam07424_hook_glacier_________01p02.wav,NO PEAK,True,100000,174000,1.74,29,29-shot,0.06899999999999999,0.079,,,,,,,,,,,,,,,,,,,,,,
Delta,scam_0425_0704655931_247_ca0_scam01425_angle_creek__________01p02.wav,C:\Users\cmkua\Downloads\Concatenated Multishot WAVs\Delta\scam_0425_0704655931_247_ca0_scam01425_angle_creek__________01p02.wav,LONG PEAK-ONSET LAG,True,100000,174000,1.74,29,29-shot,0.06899999999999999,0.079,6929.0,0.06929,9.290000000000006,6980.0,0.0698,0.51,0.07929,9.999999999999995,-7570.608491289896,7570.608491289896,0.9356591527404422,0.001056718229347631,16.15596475764962,6220.467267158828,2533.948510001615,4900.0,8400.0,14.054168053145597,0.9307236903419778,0.06622403309982221,0.06211045051425405,14.984977288618785
Delta,scam_0425_0704668824_603_ca0_scam04425_lake_coville_________01p02.wav,C:\Users\cmkua\Downloads\Concatenated Multishot WAVs\Delta\scam_0425_0704668824_603_ca0_scam04425_lake_coville_________01p02.wav,OK,False,100000,174000,1.74,29,29-shot,0.06899999999999999,0.079,7878.0,0.07878,18.780000000000005,7891.0,0.07891,0.12999999999999998,0.08878,9.999999999999995,-2835.984568842138,2835.984568842138,0.8294410662771814,0.002820889820026842,13.949579728583824,7086.01773376566,3785.338599054797,4900.0,9700.0,0.2148894793503998,0.034645849746414964,0.1612263655305399,0.13883963074834574,0.24953861919448939
Delta,scam_0425_0704671054_732_ca0_scam05425_sukoi_bay____________01p02.wav,C:\Users\cmkua\Downloads\Concatenated Multishot WAVs\Delta\scam_0425_0704671054_732_ca0_scam05425_sukoi_bay____________01p02.wav,OK,False,100000,174000,1.74,29,29-shot,0.06899999999999999,0.079,7789.0,0.07789,17.890000000000004,7819.0,0.07819,0.3,0.08789,9.999999999999995,-2463.458634458104,2463.458634458104,0.9697327834723649,0.003247466747806703,8.679069081142796,6518.313679933059,3878.132872757334,4800.0,9100.0,0.19226361334556002,0.03013253636006242,0.15672511212979487,0.135487614979739,0.22240067008758316
Delta,scam_0441_0706089478_536_ca0_scam01441_little_devils_stairs_01p02.wav,C:\Users\cmkua\Downloads\Concatenated Multishot WAVs\Delta\scam_0441_0706089478_536_ca0_scam01441_little_devils_stairs_01p02.wav,OK,False,100000,174000,1.74,29,29-shot,0.06899999999999999,0.079,7478.0,0.07478,14.780000000000001,7500.0,0.075,0.22,0.08478,9.999999999999995,-4097.89657569107,4097.89657569107,0.913095160230872,0.0019522210607891876,15.077100010646463,6415.624698192646,3162.3167716963812,4400.0,9100.0,0.2589215574510884,0.02942624420414332,0.11364926309661214,0.10204446383012435,0.2883668853719476
Delta,scam_0441_0706090425_650_ca0_scam02441_bald_face_mountain___01p02.wav,C:\Users\cmkua\Downloads\Concatenated Multishot WAVs\Delta\scam_0441_0706090425_650_ca0_scam02441_bald_face_mountain___01p02.wav,OK,False,100000,174000,1.74,29,29-shot,0.06899999999999999,0.079,7352.0,0.07352,13.520000000000005,7382.0,0.07382,0.3,0.08352,9.999999999999995,-8041.083916063578,8041.083916063578,0.9411988084087186,0.0009948907489969723,17.708758524662077,6608.122083503534,2949.0852317292297,6600.0,9100.0,0.4370935507550446,0.05485479018729567,0.12549896948270767,0.11150083085760551,0.4919675464781885
Delta,scam_0442_0706165848_775_ca0_scam15012_aegis_0442a__________01p02.wav,C:\Users\cmkua\Downloads\Concatenated Multishot WAVs\Delta\scam_0442_0706165848_775_ca0_scam15012_aegis_0442a__________01p02.wav,NO CLEAN ONSET BEFORE PEAK,True,100000,174000,1.74,29,29-shot,0.06899999999999999,0.079,7811.0,0.07811,18.11,7811.0,0.07811,0.0,0.08811,9.999999999999995,-5778.32904106436,5778.32904106436,0.5895670526836164,0.0013844832897446787,14.694003536296393,7176.180150266347,2606.0866875143306,8800.0,9200.0,1.0955830148868697,0.11994565274278582,0.10948111746253336,0.09867740126317026,1.2155331535626241
Delta,scam_0442_0706167034_662_ca0_scam15012_aegis_0442b__________01p02.wav,C:\Users\cmkua\Downloads\Concatenated Multishot WAVs\Delta\scam_0442_0706167034_662_ca0_scam15012_aegis_0442b__________01p02.wav,NO PEAK,True,100000,174000,1.74,29,29-shot,0.06899999999999999,0.079,,,,,,,,,,,,,,,,,,,,,,
Delta,scam_0443_0706267744_278_ca0_scam05443_moody_creek__________01p02.wav,C:\Users\cmkua\Downloads\Concatenated Multishot WAVs\Delta\scam_0443_0706267744_278_ca0_scam05443_moody_creek__________01p02.wav,OK,False,100000,174000,1.74,29,29-shot,0.06899999999999999,0.079,7339.0,0.07339,13.389999999999999,7367.0,0.07367,0.27999999999999997,0.08338999999999999,9.999999999999995,-8207.776703748992,8207.776703748992,0.8116117351347129,0.0009746853854279335,18.989268804527924,7273.551911022624,3506.1107294866533,8900.0,10200.0,0.27150388899533795,0.05243370444865902,0.19312321691848536,0.16185318188718803,0.32395844083686537
Delta,scam_0448_0706711828_368_ca0_scam04448_buzzard_rocks_scam_4_01p02.wav,C:\Users\cmkua\Downloads\Concatenated Multishot WAVs\Delta\scam_0448_0706711828_368_ca0_scam04448_buzzard_rocks_scam_4_01p02.wav,LONG PEAK-ONSET LAG,True,100000,174000,1.74,29,29-shot,0.06899999999999999,0.079,6999.0,0.06999,9.989999999999998,7048.0,0.07048,0.49,0.07998999999999999,9.999999999999995,-11458.822480240216,11458.822480240216,0.9039181482332167,0.0006981520146415857,18.713052042977267,6709.626352421618,3581.5876003310245,4500.0,9400.0,2.7513002295085984,0.3989653323302804,0.14500974050423368,0.126642849978647,3.150318651211254
Delta,scam_0449_0706783132_983_ca0_scam15012_aegis_0449a__________01p02.wav,C:\Users\cmkua\Downloads\Concatenated Multishot WAVs\Delta\scam_0449_0706783132_983_ca0_scam15012_aegis_0449a__________01p02.wav,LONG PEAK-ONSET LAG,True,100000,174000,1.74,29,29-shot,0.06899999999999999,0.079,7450.0,0.0745,14.499999999999998,7513.0,0.07513,0.63,0.08449999999999999,9.999999999999995,-4418.415379003076,4418.415379003076,0.7792617113255991,0.0018106038735101982,14.05599915287805,6749.762111152893,2903.4675183085064,3800.0,9700.0,1.6657228667913138,0.25735199391169067,0.15449868585128357,0.13381977736629144,1.9231237637413408
Delta,scam_0449_0706784270_740_ca0_scam15012_aegis_0449b__________01p02.wav,C:\Users\cmkua\Downloads\Concatenated Multishot WAVs\Delta\scam_0449_0706784270_740_ca0_scam15012_aegis_0449b__________01p02.wav,OK,False,100000,174000,1.74,29,29-shot,0.06899999999999999,0.079,7536.0,0.07536,15.36,7570.0,0.0757,0.34,0.08535999999999999,9.999999999999995,-3966.190226694657,3966.190226694657,0.9752828368603875,0.0020170489922938057,13.748058742594232,6329.282562344155,2376.8668136385327,4200.0,8500.0,3.1414067320749335,0.2876644304732274,0.0915718514053167,0.08388827250352468,3.429137612306187
Delta,scam_0449_0706799447_617_ca0_scam03449_south_river__________01p02.wav,C:\Users\cmkua\Downloads\Concatenated Multishot WAVs\Delta\scam_0449_0706799447_617_ca0_scam03449_south_river__________01p02.wav,OK,False,100000,174000,1.74,29,29-shot,0.06899999999999999,0.079,7510.0,0.0751,15.100000000000001,7541.0,0.07541,0.31,0.0851,9.999999999999995,-4367.078768508073,4367.078768508073,0.8718174997448336,0.0018318881852302936,17.551957485978637,6180.19318811928,2667.5137179329627,5400.0,7700.0,0.518652135832014,0.03682281880490376,0.0709971409754886,0.06628896109419245,0.5554894540069929
Delta,scam_0450_0706878610_992_ca0_scam15012_aegis_0450a__________01p02.wav,C:\Users\cmkua\Downloads\Concatenated Multishot WAVs\Delta\scam_0450_0706878610_992_ca0_scam15012_aegis_0450a__________01p02.wav,OK,False,100000,174000,1.74,29,29-shot,0.06899999999999999,0.079,7772.0,0.07772,17.72,7797.0,0.07797,0.25,0.08771999999999999,9.999999999999995,-9864.60900546186,9864.60900546186,0.946392587927592,0.0008109799380361189,18.588897334750833,6494.5304126786805,3513.7968353309634,3100.0,9400.0,0.2720632671162971,0.0323498169540074,0.11890549318507976,0.10626157555424753,0.3044356982782785
Delta,scam_0450_0706879712_991_ca0_scam15012_aegis_0450b__________01p02.wav,C:\Users\cmkua\Downloads\Concatenated Multishot WAVs\Delta\scam_0450_0706879712_991_ca0_scam15012_aegis_0450b__________01p02.wav,LONG PEAK-ONSET LAG,True,100000,174000,1.74,29,29-shot,0.06899999999999999,0.079,7402.0,0.07402,14.020000000000005,7453.0,0.07453,0.51,0.08402,9.999999999999995,-6636.9775361899365,6636.9775361899365,0.786723767035139,0.0012053679489463104,16.66989824139381,6103.282095816509,2593.6422601541776,4000.0,8300.0,1.4587113904848619,0.10498362289760521,0.07197011251328451,0.06713771370803044,1.5637056595963286
Delta,scam_0451_0706979740_413_ca0_scam02451_marys_rock___________01p02.wav,C:\Users\cmkua\Downloads\Concatenated Multishot WAVs\Delta\scam_0451_0706979740_413_ca0_scam02451_marys_rock___________01p02.wav,LONG PEAK-ONSET LAG,True,100000,174000,1.74,29,29-shot,0.06899999999999999,0.079,7007.0,0.07007,10.069999999999995,7271.0,0.07271,2.64,0.08006999999999999,9.999999999999995,-4746.24963429748,4746.24963429748,0.9378080296766278,0.001685541346622432,-34.93901846881522,5741.693912588885,2484.539070653961,3900.0,8000.0,43.65966770915588,3.4450912831153246,0.07890786769302079,0.07313678293037741,47.10476924306174
Delta,scam_0452_0707066669_695_ca0_scam07452_big_river____________01p02.wav,C:\Users\cmkua\Downloads\Concatenated Multishot WAVs\Delta\scam_0452_0707066669_695_ca0_scam07452_big_river____________01p02.wav,LONG PEAK-ONSET LAG,True,100000,174000,1.74,29,29-shot,0.06899999999999999,0.079,7135.0,0.07135,11.35,7182.0,0.07182,0.47,0.08134999999999999,9.999999999999995,-10499.314526108821,10499.314526108821,0.8566406887525517,0.0007619545047542166,16.284507634280708,6011.083613449877,2990.6428208735797,5300.0,7700.0,4.4822386902027835,0.31926658867505786,0.07122926973365039,0.066491905898248,4.8015857623878135
Delta,scam_0453_0707157719_889_ca0_scam02453_battle_river_________01p02.wav,C:\Users\cmkua\Downloads\Concatenated Multishot WAVs\Delta\scam_0453_0707157719_889_ca0_scam02453_battle_river_________01p02.wav,OK,False,100000,174000,1.74,29,29-shot,0.06899999999999999,0.079,7151.0,0.07151,11.510000000000007,7183.0,0.07183,0.32,0.08151,9.999999999999995,-3844.805218341531,3844.805218341531,0.8808685400362941,0.0020807295937480094,14.462351839963763,6606.965753670887,2206.6049361884648,6500.0,8100.0,6.182832465519098,0.3459873525563148,0.055959360776123894,0.05299201137628661,6.529047370923925
Delta,scam_0454_0707245904_310_ca0_scam04454_steller______________01p02.wav,C:\Users\cmkua\Downloads\Concatenated Multishot WAVs\Delta\scam_0454_0707245904_310_ca0_scam04454_steller______________01p02.wav,LONG PEAK-ONSET LAG,True,100000,174000,1.74,29,29-shot,0.06899999999999999,0.079,7089.0,0.07089,10.889999999999997,7145.0,0.07145,0.5599999999999999,0.08088999999999999,9.999999999999995,-12737.38190064782,12737.38190064782,0.7836247982990425,0.0006280725554435266,19.971722424465423,6676.621912079641,2913.5780593317404,7000.0,9100.0,6.49927700015397,0.5040776679537511,0.0775590374039773,0.07197583679080083,7.0034290732716675
Delta,scam_0454_0707256160_466_ca0_scam07454_dakavak______________01p02.wav,C:\Users\cmkua\Downloads\Concatenated Multishot WAVs\Delta\scam_0454_0707256160_466_ca0_scam07454_dakavak______________01p02.wav,OK,False,100000,54000,0.54,9,9-shot,0.06899999999999999,0.079,7214.0,0.07214,12.139999999999999,7238.0,0.07238,0.24000000000000002,0.08213999999999999,9.999999999999995,-5350.0356486905575,5350.0356486905575,0.8352114807017316,0.0014953171390471075,16.074787246069057,7886.284414670111,4365.485858239753,7600.0,11500.0,0.9138410483199338,0.25446317466521773,0.2784545245948841,0.21776874678761513,1.1685018094602428
Delta,scam_0456_0707411338_725_ca0_scam15012_aegis_0456a__________01p02.wav,C:\Users\cmkua\Downloads\Concatenated Multishot WAVs\Delta\scam_0456_0707411338_725_ca0_scam15012_aegis_0456a__________01p02.wav,OK,False,100000,174000,1.74,29,29-shot,0.06899999999999999,0.079,7591.0,0.07591,15.910000000000007,7623.0,0.07623,0.32,0.08591,9.999999999999995,-10306.298908884533,10306.298908884533,0.9568390874432394,0.0007762243333640953,19.68853898495507,6474.448946627508,2629.6608755471293,6900.0,8700.0,0.642976405654626,0.03935407028977693,0.06120608772527171,0.05767479651584586,0.6823443283231108
Delta,scam_0456_0707412461_711_ca0_scam15012_aegis_0456b__________01p02.wav,C:\Users\cmkua\Downloads\Concatenated Multishot WAVs\Delta\scam_0456_0707412461_711_ca0_scam15012_aegis_0456b__________01p02.wav,NO PEAK,True,100000,174000,1.74,29,29-shot,0.06899999999999999,0.079,,,,,,,,,,,,,,,,,,,,,,
Delta,scam_0456_0707423442_336_ca0_scam04456_three_sisters________01p02.wav,C:\Users\cmkua\Downloads\Concatenated Multishot WAVs\Delta\scam_0456_0707423442_336_ca0_scam04456_three_sisters________01p02.wav,LONG PEAK-ONSET LAG,True,100000,174000,1.74,29,29-shot,0.06899999999999999,0.079,6954.0,0.06954,9.540000000000006,7000.0,0.07,0.46,0.07954,9.999999999999995,-6036.485312388234,6036.485312388234,0.8306700819296446,0.0013252744910324207,17.783815563857537,7706.110906478015,3250.5065671176726,7500.0,9600.0,1.8728379435560718,0.299807082944148,0.16008170059545354,0.13798736653454566,2.172713998923156
Delta,scam_0457_0707500136_341_ca0_scam15012_aegis_0457a__________01p02.wav,C:\Users\cmkua\Downloads\Concatenated Multishot WAVs\Delta\scam_0457_0707500136_341_ca0_scam15012_aegis_0457a__________01p02.wav,LONG PEAK-ONSET LAG,True,100000,174000,1.74,29,29-shot,0.06899999999999999,0.079,7529.0,0.07529,15.289999999999997,7578.0,0.07578,0.49,0.08528999999999999,9.999999999999995,-10048.809791477754,10048.809791477754,0.8383077807948057,0.0007961141832722002,17.487626519659216,6559.209455183773,2369.2434408946706,6000.0,8600.0,1.2433453783761335,0.07070245930827425,0.0568646978851644,0.053804798570996466,1.31405490190584
Delta,scam_0457_0707501296_475_ca0_scam15012_aegis_0457b__________01p02.wav,C:\Users\cmkua\Downloads\Concatenated Multishot WAVs\Delta\scam_0457_0707501296_475_ca0_scam15012_aegis_0457b__________01p02.wav,OK,False,100000,174000,1.74,29,29-shot,0.06899999999999999,0.079,7246.0,0.07246,12.459999999999999,7269.0,0.07269,0.23,0.08245999999999999,9.999999999999995,-10956.554776403467,10956.554776403467,0.9747709690324099,0.0007301565285128828,19.558507335138305,7083.485612886353,3409.70141830961,3500.0,11200.0,0.977315461397326,0.23960704647426023,0.24516858265158295,0.19684610419623216,1.2172303203694623
Delta,scam_0457_0707509600_591_ca0_scam03457_furnace_mountain_____01p02.wav,C:\Users\cmkua\Downloads\Concatenated Multishot WAVs\Delta\scam_0457_0707509600_591_ca0_scam03457_furnace_mountain_____01p02.wav,OK,False,100000,174000,1.74,29,29-shot,0.06899999999999999,0.079,7300.0,0.073,12.999999999999998,7307.0,0.07307,0.06999999999999999,0.08299999999999999,9.999999999999995,-2543.226059007225,2543.226059007225,0.8950698774260881,0.003145611052413832,-0.8362556197819884,9801.404380983262,5155.377673837764,7900.0,15200.0,0.032991191126563,0.022691149215407665,0.6877941790085229,0.40749698672042184,0.0556842135153646
Delta,scam_0457_0707510928_622_ca0_scam04457_chimney_rock_________01p02.wav,C:\Users\cmkua\Downloads\Concatenated Multishot WAVs\Delta\scam_0457_0707510928_622_ca0_scam04457_chimney_rock_________01p02.wav,NO PEAK,True,100000,174000,1.74,29,29-shot,0.06899999999999999,0.079,,,,,,,,,,,,,,,,,,,,,,
Delta,scam_0458_0707588160_822_ca0_scam15012_aegis_0458a__________01p02.wav,C:\Users\cmkua\Downloads\Concatenated Multishot WAVs\Delta\scam_0458_0707588160_822_ca0_scam15012_aegis_0458a__________01p02.wav,LONG PEAK-ONSET LAG,True,100000,174000,1.74,29,29-shot,0.06899999999999999,0.079,7242.0,0.07242,12.42,7301.0,0.07301,0.5900000000000001,0.08242,9.999999999999995,-13684.990881449516,13684.990881449516,0.7248923710565603,0.0005845820482675133,18.273076977406497,6203.70499916297,2571.581943938241,4000.0,8500.0,4.216871710054454,0.37500138913703635,0.08892881143215851,0.0816659482977163,4.591894136463764
Delta,scam_0458_0707589319_822_ca0_scam15012_aegis_0458b__________01p02.wav,C:\Users\cmkua\Downloads\Concatenated Multishot WAVs\Delta\scam_0458_0707589319_822_ca0_scam15012_aegis_0458b__________01p02.wav,LONG PEAK-ONSET LAG,True,100000,174000,1.74,29,29-shot,0.06899999999999999,0.079,7219.0,0.07219,12.190000000000007,7273.0,0.07273,0.54,0.08219,9.999999999999995,-9604.153825902291,9604.153825902291,0.7459476561210854,0.0008329729141180656,17.93651549318581,6249.649007126636,2572.59744511484,5000.0,9200.0,3.3075326525908184,0.3048004489352218,0.09215342097876766,0.0843763706324548,3.6123910835527493
Delta,scam_0458_0707599716_998_ca0_scam03458_falls_hollow_________01p02.wav,C:\Users\cmkua\Downloads\Concatenated Multishot WAVs\Delta\scam_0458_0707599716_998_ca0_scam03458_falls_hollow_________01p02.wav,OK,False,100000,174000,1.74,29,29-shot,0.06899999999999999,0.079,7444.0,0.07444,14.440000000000008,7476.0,0.07476,0.32,0.08444,9.999999999999995,-7030.8387634607525,7030.8387634607525,0.8956695418881669,0.001137844326849874,15.821294258395785,5443.954635851891,2769.3675890159075,3700.0,7600.0,0.7072700940353173,0.036785537642126026,0.052010593905147014,0.04943805270331122,0.744073353027965
Delta,scam_0458_0707601840_708_ca0_scam04458_limberlost___________01p02.wav,C:\Users\cmkua\Downloads\Concatenated Multishot WAVs\Delta\scam_0458_0707601840_708_ca0_scam04458_limberlost___________01p02.wav,LONG PEAK-ONSET LAG,True,100000,174000,1.74,29,29-shot,0.06899999999999999,0.079,7403.0,0.07403,14.030000000000001,7464.0,0.07464,0.61,0.08403,9.999999999999995,-17108.533757410783,17108.533757410783,0.9148225343166416,0.0004676029000167648,18.411128568108587,5916.750242996485,3161.328636060695,3700.0,9400.0,0.7377688710350029,0.10068916980495465,0.1364779319893229,0.12008761255707696,0.8384642484011218
Delta,scam_0459_0707689244_288_ca0_scam01459_elder_ridge__________01p02.wav,C:\Users\cmkua\Downloads\Concatenated Multishot WAVs\Delta\scam_0459_0707689244_288_ca0_scam01459_elder_ridge__________01p02.wav,NO CLEAN ONSET BEFORE PEAK,True,100000,174000,1.74,29,29-shot,0.06899999999999999,0.079,7793.0,0.07793,17.93,7793.0,0.07793,0.0,0.08793,9.999999999999995,-2664.622421492912,2664.622421492912,0.9116493197313407,0.0030023015401626127,-17.01698801606142,6791.5902811192755,2845.7546235211025,3900.0,9600.0,1.9784890349925923,0.22630484073020213,0.11438266107502053,0.10264186410327782,2.204800572430126
Delta,scam_0461_0707844535_195_ca0_scam15012_aegis_0461a__________01p02.wav,C:\Users\cmkua\Downloads\Concatenated Multishot WAVs\Delta\scam_0461_0707844535_195_ca0_scam15012_aegis_0461a__________01p02.wav,OK,False,100000,174000,1.74,29,29-shot,0.06899999999999999,0.079,7302.0,0.07302,13.020000000000003,7335.0,0.07335,0.33,0.08302,9.999999999999995,-10895.532683147181,10895.532683147181,0.9794685398725851,0.0007342458815597069,15.819027003549177,6200.113478755541,2648.7920320700255,6300.0,8700.0,4.947372814180727,0.5571847413210215,0.1126223477082533,0.10121750462191303,5.504825903407957
Delta,scam_0461_0707845662_028_ca0_scam15012_aegis_0461b__________01p02.wav,C:\Users\cmkua\Downloads\Concatenated Multishot WAVs\Delta\scam_0461_0707845662_028_ca0_scam15012_aegis_0461b__________01p02.wav,LONG PEAK-ONSET LAG,True,100000,174000,1.74,29,29-shot,0.06899999999999999,0.079,7363.0,0.07363,13.630000000000003,7416.0,0.07416,0.53,0.08363,9.999999999999995,-7058.6676287006885,7058.6676287006885,0.9722146466473586,0.0011333583646114507,14.926738532199824,6026.611360169481,2672.703467580706,3500.0,8600.0,6.098312398942238,0.5212724963881162,0.08547815564163813,0.07874698008430209,6.619587136294893
Delta,scam_0461_0707860215_216_ca0_scam03461_smith_mountain_______01p02.wav,C:\Users\cmkua\Downloads\Concatenated Multishot WAVs\Delta\scam_0461_0707860215_216_ca0_scam03461_smith_mountain_______01p02.wav,NO CLEAN ONSET BEFORE PEAK,True,100000,174000,1.74,29,29-shot,0.06899999999999999,0.079,7436.0,0.07436,14.359999999999998,7436.0,0.07436,0.0,0.08435999999999999,9.999999999999995,-2690.6181582511595,2690.6181582511595,0.947565678964834,0.002973294436249482,0.5108548429209979,8482.66809811687,5060.492919332384,6900.0,14300.0,0.03082119796453203,0.01336798989368667,0.433727135105848,0.30248670721860454,0.044193644132684944
Delta,scam_0462_0707944902_794_ca0_scam15012_aegis_0462a__________01p02.wav,C:\Users\cmkua\Downloads\Concatenated Multishot WAVs\Delta\scam_0462_0707944902_794_ca0_scam15012_aegis_0462a__________01p02.wav,LONG PEAK-ONSET LAG,True,100000,174000,1.74,29,29-shot,0.06899999999999999,0.079,7597.0,0.07597,15.969999999999999,7649.0,0.07649,0.5199999999999999,0.08596999999999999,9.999999999999995,-7458.377309685018,7458.377309685018,0.8793602838577108,0.001072619373869925,15.605732935880807,5299.164543263192,1817.1959444167514,5800.0,6400.0,3.1784742623315743,0.05809164094516507,0.018276580569997085,0.017948452072825197,3.236582224999701
Delta,scam_0462_0707946034_841_ca0_scam15012_aegis_0462b__________01p02.wav,C:\Users\cmkua\Downloads\Concatenated Multishot WAVs\Delta\scam_0462_0707946034_841_ca0_scam15012_aegis_0462b__________01p02.wav,OK,False,100000,174000,1.74,29,29-shot,0.06899999999999999,0.079,7764.0,0.07764,17.640000000000004,7797.0,0.07797,0.33,0.08764,9.999999999999995,-6571.958143518817,6571.958143518817,0.8581844953237023,0.0012172932062705694,17.981188012944656,6343.299031541946,3120.449388679169,6100.0,8400.0,0.46051836161468984,0.0523707659030918,0.11372134157575631,0.10209497115187922,0.5129612684368522
Delta,scam_0463_0708046017_931_ca0_scam01463_pignut_mountain_scam_01p02.wav,C:\Users\cmkua\Downloads\Concatenated Multishot WAVs\Delta\scam_0463_0708046017_931_ca0_scam01463_pignut_mountain_scam_01p02.wav,OK,False,100000,174000,1.74,29,29-shot,0.06899999999999999,0.079,6933.0,0.06933,9.330000000000005,6966.0,0.06966,0.33,0.07933,9.999999999999995,-5579.202404431145,5579.202404431145,0.9338810699815279,0.0014338967149939202,17.851221080497204,6699.549792229493,2976.688735914653,7500.0,9500.0,4.652725504973472,0.6411667780622918,0.13780455721639384,0.12110569946137983,5.294274182915376
Delta,scam_0464_0708132109_040_ca0_scam01464_gimlet_ridge_________01p02.wav,C:\Users\cmkua\Downloads\Concatenated Multishot WAVs\Delta\scam_0464_0708132109_040_ca0_scam01464_gimlet_ridge_________01p02.wav,OK,False,100000,174000,1.74,29,29-shot,0.06899999999999999,0.079,7851.0,0.07851,18.509999999999998,7884.0,0.07884,0.33,0.08850999999999999,9.999999999999995,-7151.7009401185605,7151.7009401185605,0.7822151429826744,0.0011186150073925457,15.783645542459166,6487.226194077347,3724.3454297537196,5300.0,9000.0,0.2303936541304313,0.029446421789333595,0.1278091703544199,0.11331304150743053,0.25986789691284246
Delta,scam_0465_0708221048_464_ca0_scam01465_calvary_rocks________01p02.wav,C:\Users\cmkua\Downloads\Concatenated Multishot WAVs\Delta\scam_0465_0708221048_464_ca0_scam01465_calvary_rocks________01p02.wav,NO CLEAN ONSET BEFORE PEAK,True,100000,174000,1.74,29,29-shot,0.06899999999999999,0.079,7089.0,0.07089,10.889999999999997,7089.0,0.07089,0.0,0.08088999999999999,9.999999999999995,-2744.46723552169,2744.46723552169,0.9723979593853723,0.0029149555500083417,-1.368694536492023,7520.838628389397,4061.0250862266616,6800.0,10800.0,0.020095319536319513,0.004859570410775707,0.24182598350788626,0.1947113509787708,0.024957817745846475
Delta,scam_0465_0708223515_853_ca0_scam02465_lighted_top__________01p02.wav,C:\Users\cmkua\Downloads\Concatenated Multishot WAVs\Delta\scam_0465_0708223515_853_ca0_scam02465_lighted_top__________01p02.wav,LONG PEAK-ONSET LAG,True,100000,174000,1.74,29,29-shot,0.06899999999999999,0.079,7024.0,0.07024,10.239999999999998,7076.0,0.07076,0.5199999999999999,0.08023999999999999,9.999999999999995,-7684.8847114935415,7684.8847114935415,0.7718127254462168,0.0010410045563904388,17.187410599378868,6262.457496833263,2881.6304363327345,3900.0,8700.0,4.9258871447196855,0.35786954600942106,0.0726507805589984,0.06772935544194593,5.283817388697404
Delta,scam_0466_0708311854_826_ca0_scam01466_reids_gap____________01p02.wav,C:\Users\cmkua\Downloads\Concatenated Multishot WAVs\Delta\scam_0466_0708311854_826_ca0_scam01466_reids_gap____________01p02.wav,OK,False,100000,174000,1.74,29,29-shot,0.06899999999999999,0.079,7379.0,0.07379,13.789999999999997,7402.0,0.07402,0.23,0.08378999999999999,9.999999999999995,-8686.463637408864,8686.463637408864,0.9600683146255654,0.0009209731754988808,16.476676707765108,6504.112729519049,3231.6369954030865,3500.0,9300.0,0.4084838657307599,0.0515116243390182,0.1261044282541396,0.1119814110089696,0.460001565214178
Delta,scam_0471_0708740988_825_ca0_scam01471_pinefield_gap________01p02.wav,C:\Users\cmkua\Downloads\Concatenated Multishot WAVs\Delta\scam_0471_0708740988_825_ca0_scam01471_pinefield_gap________01p02.wav,LONG PEAK-ONSET LAG,True,100000,744000,7.44,124,124-shot,0.06899999999999999,0.079,7028.0,0.07028,10.279999999999998,7072.0,0.07072,0.44,0.08027999999999999,9.999999999999995,-6906.000673302383,6906.000673302383,0.9045567818308718,0.0011584128612855285,16.504902969277467,6711.425262933562,2871.886179968018,5300.0,9500.0,10.962612763749343,1.2039344486415238,0.10982185310992996,0.09895325100694637,12.16669928870765
Delta,scam_0472_0708829531_841_ca0_scam01472_lefthand_hollow______01p02.wav,C:\Users\cmkua\Downloads\Concatenated Multishot WAVs\Delta\scam_0472_0708829531_841_ca0_scam01472_lefthand_hollow______01p02.wav,LONG PEAK-ONSET LAG,True,100000,174000,1.74,29,29-shot,0.06899999999999999,0.079,7303.0,0.07303,13.03,7360.0,0.0736,0.57,0.08302999999999999,9.999999999999995,-14801.622872366328,14801.622872366328,0.7268589330145012,0.0005404812748563863,17.45100751713609,6282.13180719203,2341.572576992782,4200.0,8700.0,5.738114168913934,0.33674609679362194,0.05868584815163388,0.055432560941249764,6.074878935334099
Delta,scam_0472_0708832228_388_ca0_scam02472_austin_mountain______01p02.wav,C:\Users\cmkua\Downloads\Concatenated Multishot WAVs\Delta\scam_0472_0708832228_388_ca0_scam02472_austin_mountain______01p02.wav,OK,False,100000,174000,1.74,29,29-shot,0.06899999999999999,0.079,7344.0,0.07344,13.440000000000008,7376.0,0.07376,0.32,0.08344,9.999999999999995,-3800.735055938324,3800.735055938324,0.7930376388470086,0.002104856003446145,15.379459843653846,6551.497715614946,2695.6183978376084,5600.0,8900.0,1.8333661430253754,0.1812347991019042,0.09885357586173978,0.08995668583573266,2.0146895966449
Delta,scam_0473_0708921605_229_ca0_scam02473_snead_farm___________01p02.wav,C:\Users\cmkua\Downloads\Concatenated Multishot WAVs\Delta\scam_0473_0708921605_229_ca0_scam02473_snead_farm___________01p02.wav,OK,False,100000,174000,1.74,29,29-shot,0.06899999999999999,0.079,7345.0,0.07345,13.450000000000003,7371.0,0.07371,0.25999999999999995,0.08345,9.999999999999995,-6248.348961138288,6248.348961138288,0.6325063498502952,0.0012803382221057331,16.929580268368888,6325.309354824404,2558.5097392055354,7200.0,8200.0,1.5883006461058027,0.09558978158801891,0.06018368236667664,0.056762466506409426,1.6840314995336794
Delta,scam_0473_0708931198_901_ca0_scam05473_elkwallow_gap_473_sc_01p02.wav,C:\Users\cmkua\Downloads\Concatenated Multishot WAVs\Delta\scam_0473_0708931198_901_ca0_scam05473_elkwallow_gap_473_sc_01p02.wav,LONG PEAK-ONSET LAG,True,100000,174000,1.74,29,29-shot,0.06899999999999999,0.079,7000.0,0.07,10.000000000000009,7056.0,0.07056,0.5599999999999999,0.08,9.999999999999995,-11541.41733790783,11541.41733790783,0.9541240107995842,0.0006931557681155823,17.80365983758575,6353.375489950343,2955.9665881062188,4800.0,9700.0,5.048667974579885,0.82385251243336,0.16318215350691886,0.140285979231404,5.872664659341344
Delta,scam_0473_0708938254_591_ca0_scam08473_fox_hollow___________01p02.wav,C:\Users\cmkua\Downloads\Concatenated Multishot WAVs\Delta\scam_0473_0708938254_591_ca0_scam08473_fox_hollow___________01p02.wav,LONG PEAK-ONSET LAG,True,100000,174000,1.74,29,29-shot,0.06899999999999999,0.079,6951.0,0.06951,9.510000000000005,7004.0,0.07004,0.53,0.07951,9.999999999999995,-4008.241203970902,4008.241203970902,0.9331813768385907,0.0019958878702395766,12.297632629235157,6867.635687822869,2680.8738300597224,4300.0,8800.0,8.59888332264882,0.7285516979535529,0.08472631510589308,0.07810752378800286,9.327548264504793
Delta,scam_0476_0709196462_557_ca0_scam01476_fourway_476_scam_____01p02.wav,C:\Users\cmkua\Downloads\Concatenated Multishot WAVs\Delta\scam_0476_0709196462_557_ca0_scam01476_fourway_476_scam_____01p02.wav,LONG PEAK-ONSET LAG,True,100000,174000,1.74,29,29-shot,0.06899999999999999,0.079,6942.0,0.06942,9.419999999999998,6988.0,0.06988,0.46,0.07941999999999999,9.999999999999995,-6308.406272634352,6308.406272634352,0.9838783153469918,0.0012681491416784178,17.394366994370092,6597.523113508318,2859.7715980188073,4900.0,9200.0,7.749098849570811,0.8695980818592888,0.1122192526821944,0.10089594778515526,8.618761218349267
Delta,scam_0477_0709285254_248_ca0_scam04477_oventop_mountain_____01p02.wav,C:\Users\cmkua\Downloads\Concatenated Multishot WAVs\Delta\scam_0477_0709285254_248_ca0_scam04477_oventop_mountain_____01p02.wav,NO CLEAN ONSET BEFORE PEAK,True,100000,174000,1.74,29,29-shot,0.06899999999999999,0.079,6968.0,0.06968,9.680000000000009,6968.0,0.06968,0.0,0.07968,9.999999999999995,-3704.8214415549264,3704.8214415549264,0.9444700727433809,0.002159348331951559,-3.1371532169708756,9190.570838850133,5030.655647193196,4100.0,14000.0,0.04668487874255959,0.028398567840564902,0.6083033437264936,0.3782188299111648,0.07508501849903955
Delta,scam_0482_0709729164_771_ca0_scam01482_goat_hollow__________01p02.wav,C:\Users\cmkua\Downloads\Concatenated Multishot WAVs\Delta\scam_0482_0709729164_771_ca0_scam01482_goat_hollow__________01p02.wav,NO CLEAN ONSET BEFORE PEAK,True,100000,174000,1.74,29,29-shot,0.06899999999999999,0.079,7270.0,0.0727,12.700000000000003,7270.0,0.0727,0.0,0.0827,9.999999999999995,-6250.599732196747,6250.599732196747,0.9828426277231535,0.0012798771866309273,-4.096785117048091,6442.331982794112,4237.014505649022,3800.0,10400.0,0.02387077792036633,0.0044609588904439374,0.18687949363551692,0.15744158734451993,0.028334056875851298
Delta,scam_0482_0709743942_179_ca0_scam04482_otter_lake___________01p02.wav,C:\Users\cmkua\Downloads\Concatenated Multishot WAVs\Delta\scam_0482_0709743942_179_ca0_scam04482_otter_lake___________01p02.wav,NO PEAK,True,100000,174000,1.74,29,29-shot,0.06899999999999999,0.079,,,,,,,,,,,,,,,,,,,,,,
Delta,scam_0488_0710264577_671_ca0_scam02488_short_mountain_______01p02.wav,C:\Users\cmkua\Downloads\Concatenated Multishot WAVs\Delta\scam_0488_0710264577_671_ca0_scam02488_short_mountain_______01p02.wav,OK,False,100000,174000,1.74,29,29-shot,0.06899999999999999,0.079,7126.0,0.07126,11.260000000000007,7160.0,0.0716,0.34,0.08126,9.999999999999995,-17534.095396747984,17534.095396747984,0.736679312947787,0.00045625393377771547,18.093240110203197,6658.337833493045,2938.7234441859514,5500.0,8900.0,3.163630355446826,0.24151325957990685,0.0763405431244814,0.07091535842819698,3.405655205486174
Delta,scam_0489_0710352197_772_ca0_scam01489_shop_hollow_489______01p02.wav,C:\Users\cmkua\Downloads\Concatenated Multishot WAVs\Delta\scam_0489_0710352197_772_ca0_scam01489_shop_hollow_489______01p02.wav,NO PEAK,True,100000,174000,1.74,29,29-shot,0.06899999999999999,0.079,,,,,,,,,,,,,,,,,,,,,,
Delta,scam_0489_0710354497_865_ca0_scam02489_sawlog_ridge_489_____01p02.wav,C:\Users\cmkua\Downloads\Concatenated Multishot WAVs\Delta\scam_0489_0710354497_865_ca0_scam02489_sawlog_ridge_489_____01p02.wav,LONG PEAK-ONSET LAG,True,100000,174000,1.74,29,29-shot,0.06899999999999999,0.079,6990.0,0.0699,9.900000000000006,7062.0,0.07062,0.7200000000000001,0.0799,9.999999999999995,-23657.879412278784,23657.879412278784,0.9268739131922334,0.0003381537229346043,18.408266872089552,6434.221581522523,2875.1794216027447,4500.0,8900.0,10.862315813747156,1.2569324128321437,0.11571495750854456,0.10371167851945845,12.119487706452627
Delta,scam_0497_0711062133_153_ca0_scam04497_pollock_knob_________01p02.wav,C:\Users\cmkua\Downloads\Concatenated Multishot WAVs\Delta\scam_0497_0711062133_153_ca0_scam04497_pollock_knob_________01p02.wav,OK,False,100000,174000,1.74,29,29-shot,0.06899999999999999,0.079,7622.0,0.07622,16.22,7659.0,0.07659,0.37,0.08621999999999999,9.999999999999995,-8247.308090051916,8247.308090051916,0.9418819090676863,0.0009700134774460257,17.03428675639318,6254.888909392559,2812.2499719300326,4400.0,8100.0,0.46580653286650486,0.030881946850792968,0.06629779677144074,0.062166605597988644,0.4967610271420727
Delta,scam_0501_0711414592_419_ca0_scam01501_pollock_knob_501_sca_01p02.wav,C:\Users\cmkua\Downloads\Concatenated Multishot WAVs\Delta\scam_0501_0711414592_419_ca0_scam01501_pollock_knob_501_sca_01p02.wav,OK,False,100000,174000,1.74,29,29-shot,0.06899999999999999,0.079,7637.0,0.07637,16.369999999999997,7670.0,0.0767,0.33,0.08636999999999999,9.999999999999995,-17369.441670892353,17369.441670892353,0.8052191653221218,0.00046057899566261654,22.51348874045433,5935.2061640853435,2826.8608691379372,4900.0,7800.0,0.46408063175772113,0.03411924431983902,0.073520078161011,0.0684751220431502,0.49827212134559584
Delta,scam_0504_0711700522_280_ca0_scam04504_hightop______________01p02.wav,C:\Users\cmkua\Downloads\Concatenated Multishot WAVs\Delta\scam_0504_0711700522_280_ca0_scam04504_hightop______________01p02.wav,OK,False,100000,744000,7.44,124,124-shot,0.06899999999999999,0.079,6905.0,0.06905,9.050000000000002,6930.0,0.0693,0.25,0.07905,9.999999999999995,-3275.9670529598725,3275.9670529598725,0.8637692732148765,0.0024420270016976852,12.065640715009561,6946.822116325533,3115.1065994923365,4300.0,9800.0,6.272644708113396,1.0561949879736727,0.1683811274385635,0.14411227037141297,7.328973343155284
Delta,scam_0505_0711777950_028_ca0_scam01505_apple_orchard_mounta_01p02.wav,C:\Users\cmkua\Downloads\Concatenated Multishot WAVs\Delta\scam_0505_0711777950_028_ca0_scam01505_apple_orchard_mounta_01p02.wav,OK,False,100000,174000,1.74,29,29-shot,0.06899999999999999,0.079,7089.0,0.07089,10.889999999999997,7119.0,0.07119,0.3,0.08088999999999999,9.999999999999995,-10864.575120048981,10864.575120048981,0.9652547989101787,0.000736338044663815,19.700087591929,7148.852899296042,3503.2799652421986,6000.0,9000.0,2.2837945576657503,0.2930037354268976,0.1282968883708938,0.11370122510007984,2.5769619911218693
Delta,scam_0507_0711949371_709_ca0_scam07507_spitler_hill_________01p02.wav,C:\Users\cmkua\Downloads\Concatenated Multishot WAVs\Delta\scam_0507_0711949371_709_ca0_scam07507_spitler_hill_________01p02.wav,NO PEAK,True,100000,54000,0.54,9,9-shot,0.06899999999999999,0.079,,,,,,,,,,,,,,,,,,,,,,
Delta,scam_0511_0712312219_740_ca0_scam01511_bearwallow_511_scam__01p02.wav,C:\Users\cmkua\Downloads\Concatenated Multishot WAVs\Delta\scam_0511_0712312219_740_ca0_scam01511_bearwallow_511_scam__01p02.wav,LONG PEAK-ONSET LAG,True,100000,744000,7.44,124,124-shot,0.06899999999999999,0.079,6899.0,0.06899,8.989999999999998,6953.0,0.06953,0.54,0.07898999999999999,9.999999999999995,-8291.766675734247,8291.766675734247,0.8969309867510649,0.0009648124836184672,16.479218767281488,6135.244153900343,2738.3722757883775,6800.0,8700.0,12.659897288007851,1.0260944877170115,0.08105077508717108,0.0749738213287751,13.68603693304338
Delta,scam_0517_0712836568_577_ca0_scam01517_mill_prong_517_______01p02.wav,C:\Users\cmkua\Downloads\Concatenated Multishot WAVs\Delta\scam_0517_0712836568_577_ca0_scam01517_mill_prong_517_______01p02.wav,LONG PEAK-ONSET LAG,True,100000,174000,1.74,29,29-shot,0.06899999999999999,0.079,7410.0,0.0741,14.100000000000001,7513.0,0.07513,1.03,0.0841,9.999999999999995,-7987.211288609928,7987.211288609928,0.9907484617004166,0.0010016011485020197,13.62714090358049,6745.214370415884,2914.055155294727,7500.0,9200.0,0.873237107553203,0.10957569722711176,0.1254821815052514,0.11149006266472054,0.9828292729248366
Delta,scam_0520_0713103129_850_ca0_scam05520_hogback_mountain_____01p02.wav,C:\Users\cmkua\Downloads\Concatenated Multishot WAVs\Delta\scam_0520_0713103129_850_ca0_scam05520_hogback_mountain_____01p02.wav,OK,False,100000,174000,1.74,29,29-shot,0.06899999999999999,0.079,7104.0,0.07104,11.040000000000008,7138.0,0.07138,0.34,0.08104,9.999999999999995,-7358.496458876614,7358.496458876614,0.9411100228337901,0.0010871786165432662,18.342350762724195,6724.421361705699,3468.58896774419,7200.0,9200.0,1.9421466240929388,0.1936735081680298,0.09972136282886633,0.09067082456892056,2.136006913897811
Delta,scam_0521_0713193045_560_ca0_scam07521_mill_prong_521_______01p02.wav,C:\Users\cmkua\Downloads\Concatenated Multishot WAVs\Delta\scam_0521_0713193045_560_ca0_scam07521_mill_prong_521_______01p02.wav,OK,False,100000,744000,7.44,124,124-shot,0.06899999999999999,0.079,7483.0,0.07483,14.829999999999997,7520.0,0.0752,0.37,0.08482999999999999,9.999999999999995,-2482.7927259357357,2482.7927259357357,0.9667471878523864,0.0032221779596945184,11.390529567631805,6170.393377447824,2629.717207654161,5400.0,8400.0,1.0110343257348102,0.1032753098705953,0.10214817364933261,0.09267739604834715,1.1143527362024663
Delta,scam_0523_0713369148_542_ca0_scam01523_patterson_ridge______01p02.wav,C:\Users\cmkua\Downloads\Concatenated Multishot WAVs\Delta\scam_0523_0713369148_542_ca0_scam01523_patterson_ridge______01p02.wav,LONG PEAK-ONSET LAG,True,100000,174000,1.74,29,29-shot,0.06899999999999999,0.079,7434.0,0.07434,14.340000000000005,7490.0,0.0749,0.5599999999999999,0.08434,9.999999999999995,-41426.61027610994,41426.61027610994,0.9678197652275061,0.00019311258987109238,21.292469125901277,6846.91308345046,2685.3978287203327,5000.0,9300.0,1.7695091556539049,0.17672962289142533,0.09987494120996318,0.09080520639760105,1.9462498892144393
Delta,scam_0531_0714070745_902_ca0_scam02531_hogback_mountain_531_01p02.wav,C:\Users\cmkua\Downloads\Concatenated Multishot WAVs\Delta\scam_0531_0714070745_902_ca0_scam02531_hogback_mountain_531_01p02.wav,LONG PEAK-ONSET LAG,True,100000,744000,7.44,124,124-shot,0.06899999999999999,0.079,7159.0,0.07159,11.590000000000003,7209.0,0.07209,0.5,0.08159,9.999999999999995,-5232.215422330848,5232.215422330848,0.9140055358056713,0.001528989033183989,15.76801889844933,5928.25368783238,2294.2722927234886,4600.0,7800.0,10.74886282424745,0.43234307133780653,0.040222214982827804,0.03866614489366598,11.181437211461699
Delta,scam_0532_0714154700_858_ca0_scam01532_loft_mountain________01p02.wav,C:\Users\cmkua\Downloads\Concatenated Multishot WAVs\Delta\scam_0532_0714154700_858_ca0_scam01532_loft_mountain________01p02.wav,OK,False,100000,174000,1.74,29,29-shot,0.06899999999999999,0.079,7838.0,0.07838,18.380000000000006,7868.0,0.07868,0.3,0.08838,9.999999999999995,-4235.592348034643,4235.592348034643,0.8846797122385307,0.0018887558911829842,16.934561428652707,6584.496395156163,3006.440716440877,7500.0,8800.0,0.8524796061172979,0.07684687297449422,0.09014511599227676,0.08268590806071666,0.9293829477940206
Delta,scam_0532_0714157416_056_ca0_scam02532_upper_pocosin________01p02.wav,C:\Users\cmkua\Downloads\Concatenated Multishot WAVs\Delta\scam_0532_0714157416_056_ca0_scam02532_upper_pocosin________01p02.wav,NO CLEAN ONSET BEFORE PEAK,True,100000,174000,1.74,29,29-shot,0.06899999999999999,0.079,6979.0,0.06979,9.790000000000006,6979.0,0.06979,0.0,0.07979,9.999999999999995,-3200.8604210400026,3200.8604210400026,0.970095641919895,0.002499327976757166,-4.881541311566701,8449.284172467924,4685.14005326661,7600.0,13200.0,0.10914233933167024,0.04328653951926522,0.39660630131559405,0.2839613519435368,0.15243813717252752
Delta,scam_0533_0714247728_852_ca0_scam01533_corbin_mountain_533__01p02.wav,C:\Users\cmkua\Downloads\Concatenated Multishot WAVs\Delta\scam_0533_0714247728_852_ca0_scam01533_corbin_mountain_533__01p02.wav,LONG PEAK-ONSET LAG,True,100000,174000,1.74,29,29-shot,0.06899999999999999,0.079,7635.0,0.07635,16.350000000000005,7834.0,0.07834,1.99,0.08635,9.999999999999995,-7773.035050878172,7773.035050878172,0.9506019171420688,0.0010291990126940424,-1.6705475820365387,5653.15560608225,2324.743357466564,3300.0,8000.0,8.682949235398826,0.4049616113379251,0.046638716910490416,0.044560450534454975,9.087915550243398
Delta,scam_0538_0714691742_619_ca0_scam15011_aegis_0538a__________01p02.wav,C:\Users\cmkua\Downloads\Concatenated Multishot WAVs\Delta\scam_0538_0714691742_619_ca0_scam15011_aegis_0538a__________01p02.wav,LONG PEAK-ONSET LAG,True,100000,174000,1.74,29,29-shot,0.06899999999999999,0.079,7501.0,0.07501,15.009999999999996,7556.0,0.07556,0.55,0.08500999999999999,9.999999999999995,-6043.92598288065,6043.92598288065,0.8696218375146353,0.0013236429470943072,15.915020928321535,5913.457453489313,2115.299934361526,4200.0,7900.0,2.7628581367948746,0.07382298901504655,0.026719789927646023,0.02602439793242071,2.83668383824854
Delta,scam_0544_0715236424_245_ca0_scam15012_aegis_0544a__________01p02.wav,C:\Users\cmkua\Downloads\Concatenated Multishot WAVs\Delta\scam_0544_0715236424_245_ca0_scam15012_aegis_0544a__________01p02.wav,LONG PEAK-ONSET LAG,True,100000,174000,1.74,29,29-shot,0.06899999999999999,0.079,7215.0,0.07215,12.150000000000007,7269.0,0.07269,0.54,0.08215,9.999999999999995,-3655.4878484692426,3655.4878484692426,0.9493403910688327,0.0021884903825764453,13.620037231513153,6180.845191525376,2375.8153759642287,4800.0,8300.0,2.6170445793718073,0.17274815412400507,0.06600886950327432,0.061921354548761375,2.7897993411621935
Delta,scam_0544_0715237522_243_ca0_scam15012_aegis_0544b__________01p02.wav,C:\Users\cmkua\Downloads\Concatenated Multishot WAVs\Delta\scam_0544_0715237522_243_ca0_scam15012_aegis_0544b__________01p02.wav,OK,False,100000,174000,1.74,29,29-shot,0.06899999999999999,0.079,7810.0,0.0781,18.100000000000005,7838.0,0.07838,0.27999999999999997,0.0881,9.999999999999995,-5761.492292878179,5761.492292878179,0.7303399686169162,0.001388529150666201,15.763819657218146,6895.036791345744,3842.516795922714,6600.0,9600.0,0.09841444172056626,0.013079496170154612,0.1329022035941836,0.11730847406803908,0.11149660136716538
Delta,scam_0550_0715772566_733_ca0_scam15011_aegis_0550a__________01p02.wav,C:\Users\cmkua\Downloads\Concatenated Multishot WAVs\Delta\scam_0550_0715772566_733_ca0_scam15011_aegis_0550a__________01p02.wav,OK,False,100000,174000,1.74,29,29-shot,0.06899999999999999,0.079,7600.0,0.076,16.0,7627.0,0.07627,0.27,0.086,9.999999999999995,-8610.009353038196,8610.009353038196,0.9735414072110131,0.0009291511393279795,16.426002669885918,7051.47832430424,4069.907915519691,4300.0,10600.0,0.13086686189027097,0.026602215367282814,0.20327694103025254,0.16890748600188396,0.15749577474017995
Delta,scam_0554_0716124210_576_ca0_scam02554_barrier_range________01p02.wav,C:\Users\cmkua\Downloads\Concatenated Multishot WAVs\Delta\scam_0554_0716124210_576_ca0_scam02554_barrier_range________01p02.wav,OK,False,100000,174000,1.74,29,29-shot,0.06899999999999999,0.079,7838.0,0.07838,18.380000000000006,7864.0,0.07864,0.25999999999999995,0.08838,9.999999999999995,-3130.9640409178655,3130.9640409178655,0.8928581624255582,0.0025551235643238943,-14.432677343469347,7361.723652536007,3721.1888152935794,3900.0,11000.0,0.673403850822334,0.17707794729585638,0.2629595109674764,0.20820182128535933,0.8505110387730717
Delta,scam_0556_0716301226_744_ca0_scam04556_alagogshak___________01p02.wav,C:\Users\cmkua\Downloads\Concatenated Multishot WAVs\Delta\scam_0556_0716301226_744_ca0_scam04556_alagogshak___________01p02.wav,NO CLEAN ONSET BEFORE PEAK,True,100000,174000,1.74,29,29-shot,0.06899999999999999,0.079,7037.0,0.07037,10.370000000000005,7037.0,0.07037,0.0,0.08037,9.999999999999995,-3328.9898536810356,3328.9898536810356,0.7981625592932015,0.002403131385682653,-3.8512980182752425,8372.067503768318,5073.950470074197,3800.0,14500.0,0.05085461119001255,0.019356498212960142,0.3806242494045773,0.2756818235798591,0.07021318257985544
Delta,scam_0557_0716380241_716_ca0_scam15011_aegis_0557a__________01p02.wav,C:\Users\cmkua\Downloads\Concatenated Multishot WAVs\Delta\scam_0557_0716380241_716_ca0_scam15011_aegis_0557a__________01p02.wav,LONG PEAK-ONSET LAG,True,100000,174000,1.74,29,29-shot,0.06899999999999999,0.079,7509.0,0.07509,15.090000000000007,7578.0,0.07578,0.69,0.08509,9.999999999999995,-2344.464544509458,2344.464544509458,0.9614417953369956,0.003412293019630149,11.336148012752208,5738.020894819416,2182.9871344439603,3600.0,7600.0,2.4570440618808562,0.07566091020715382,0.030793469022788192,0.02987308102360739,2.5327454555946978
Delta,scam_0558_0716481090_725_ca0_scam01558_chiniak_scam_________01p02.wav,C:\Users\cmkua\Downloads\Concatenated Multishot WAVs\Delta\scam_0558_0716481090_725_ca0_scam01558_chiniak_scam_________01p02.wav,LONG PEAK-ONSET LAG,True,100000,174000,1.74,29,29-shot,0.06899999999999999,0.079,6912.0,0.06912,9.120000000000003,6960.0,0.0696,0.48000000000000004,0.07912,9.999999999999995,-7386.426421900387,7386.426421900387,0.8822199451099751,0.0010830677167893257,16.781186315561165,6581.879383339497,2642.501166196493,7600.0,8500.0,6.49468437450046,0.48007254431286767,0.0739177636095353,0.06882968623991381,6.9747890850398395
Delta,scam_0561_0716743179_468_ca0_scam01561_walatka______________01p02.wav,C:\Users\cmkua\Downloads\Concatenated Multishot WAVs\Delta\scam_0561_0716743179_468_ca0_scam01561_walatka______________01p02.wav,LONG PEAK-ONSET LAG,True,100000,174000,1.74,29,29-shot,0.06899999999999999,0.079,6897.0,0.06897,8.970000000000006,6948.0,0.06948,0.51,0.07897,9.999999999999995,-1489.4807411288473,1489.4807411288473,0.9118903371524069,0.00537099928793773,10.192137033641831,5968.1065391024795,1811.750618225786,6800.0,7000.0,41.5915340852728,1.7274008963358571,0.04153251218852047,0.039876302929136825,43.31898319173615
Delta,scam_0561_0716747598_035_ca0_scam04561_becharof_____________01p02.wav,C:\Users\cmkua\Downloads\Concatenated Multishot WAVs\Delta\scam_0561_0716747598_035_ca0_scam04561_becharof_____________01p02.wav,OK,False,100000,744000,7.44,124,124-shot,0.06899999999999999,0.079,6894.0,0.06894,8.940000000000003,6919.0,0.06919,0.25,0.07894,9.999999999999995,-3404.21988291096,3404.21988291096,0.9036350406980758,0.0023500244623326657,8.25276454209623,6961.254652657927,2507.308204626396,4400.0,9700.0,24.793953973179313,3.2811175708000704,0.1323353900853973,0.11686741666936536,28.07555488355511
Delta,scam_0563_0716919971_591_ca0_scam01563_swikshak_____________01p02.wav,C:\Users\cmkua\Downloads\Concatenated Multishot WAVs\Delta\scam_0563_0716919971_591_ca0_scam01563_swikshak_____________01p02.wav,LONG PEAK-ONSET LAG,True,100000,174000,1.74,29,29-shot,0.06899999999999999,0.079,7028.0,0.07028,10.279999999999998,7315.0,0.07315,2.87,0.08027999999999999,9.999999999999995,-4791.2641281674405,4791.2641281674405,0.8696656143890102,0.001669705486067585,-32.77186814194756,7240.1895210925295,3012.260819494257,7800.0,10100.0,54.00425930181649,11.300609821346123,0.20925404713339,0.17304386165405944,65.30488694211952
Delta,scam_0565_0717087207_245_ca0_scam01565_raspberry_island_____01p02.wav,C:\Users\cmkua\Downloads\Concatenated Multishot WAVs\Delta\scam_0565_0717087207_245_ca0_scam01565_raspberry_island_____01p02.wav,LONG PEAK-ONSET LAG,True,100000,174000,1.74,29,29-shot,0.06899999999999999,0.079,7094.0,0.07094,10.940000000000005,7311.0,0.07311,2.17,0.08094,9.999999999999995,-7870.256970858146,7870.256970858146,0.9232173141331399,0.001016485234169896,-28.289107434817794,6686.40176725049,2566.613639644831,4500.0,8900.0,99.11226641915866,8.419984010527704,0.08495400533894057,0.07830190670588877,107.53229857038043
Delta,scam_0565_0717097821_583_ca0_scam04565_chiniak_565_scam_____01p02.wav,C:\Users\cmkua\Downloads\Concatenated Multishot WAVs\Delta\scam_0565_0717097821_583_ca0_scam04565_chiniak_565_scam_____01p02.wav,LONG PEAK-ONSET LAG,True,100000,174000,1.74,29,29-shot,0.06899999999999999,0.079,6924.0,0.06924,9.239999999999998,6981.0,0.06981,0.57,0.07923999999999999,9.999999999999995,-5038.657966324345,5038.657966324345,0.7353451680068769,0.0015877243610238397,15.209937287924744,6350.6213429618065,2824.142435693945,4300.0,9600.0,15.506478157027376,2.1903160640811596,0.1412516782921808,0.12376851698117948,17.696875728213048
Delta,scam_0566_0717186509_791_ca0_scam04566_kelez________________01p02.wav,C:\Users\cmkua\Downloads\Concatenated Multishot WAVs\Delta\scam_0566_0717186509_791_ca0_scam04566_kelez________________01p02.wav,LONG PEAK-ONSET LAG,True,100000,174000,1.74,29,29-shot,0.06899999999999999,0.079,6917.0,0.06917,9.169999999999998,6970.0,0.0697,0.53,0.07916999999999999,9.999999999999995,-5523.507525051037,5523.507525051037,0.9833740830929708,0.0014483550468098764,13.035683471876457,6045.628332311461,2766.488540907584,3800.0,8900.0,8.408057463249607,0.6870344309258697,0.08171143381557476,0.07553882762643836,9.095116412495257
Delta,scam_0567_0717275341_463_ca0_scam01567_novarupta_scam_______01p02.wav,C:\Users\cmkua\Downloads\Concatenated Multishot WAVs\Delta\scam_0567_0717275341_463_ca0_scam01567_novarupta_scam_______01p02.wav,LONG PEAK-ONSET LAG,True,100000,174000,1.74,29,29-shot,0.06899999999999999,0.079,6919.0,0.06919,9.190000000000003,6972.0,0.06972,0.53,0.07919,9.999999999999995,-3109.240701817307,3109.240701817307,0.9665679688012204,0.002572975451956522,12.40577304984567,7081.81130576329,2652.090039459762,9300.0,9700.0,24.454947541721324,3.187475435451582,0.13034071858112126,0.1153108124803609,27.642467925498792
Delta,scam_0582_0718608852_983_ca0_scam01582_bruin_bay____________01p02.wav,C:\Users\cmkua\Downloads\Concatenated Multishot WAVs\Delta\scam_0582_0718608852_983_ca0_scam01582_bruin_bay____________01p02.wav,LONG PEAK-ONSET LAG,True,100000,174000,1.74,29,29-shot,0.06899999999999999,0.079,6967.0,0.06967,9.669999999999998,7018.0,0.07018,0.51,0.07966999999999999,9.999999999999995,-3603.772905653592,3603.772905653592,0.9566624805584515,0.002219895706371957,13.564650848831674,6468.247315854481,3226.0036020409125,5100.0,10700.0,13.276268382779447,3.112085129222221,0.23440962772783988,0.1898828152483121,16.389503837682778
Delta,scam_0588_0719141924_952_ca0_scam03588_iliamna______________01p02.wav,C:\Users\cmkua\Downloads\Concatenated Multishot WAVs\Delta\scam_0588_0719141924_952_ca0_scam03588_iliamna______________01p02.wav,NO CLEAN ONSET BEFORE PEAK,True,100000,174000,1.74,29,29-shot,0.06899999999999999,0.079,7475.0,0.07475,14.75,7475.0,0.07475,0.0,0.08474999999999999,9.999999999999995,-3872.6867333880377,3872.6867333880377,0.9897273057088596,0.002065749323597151,-8.341270825432563,7664.482131411797,5067.57930769251,2900.0,12800.0,0.08492747143095575,0.023932540501242428,0.2817997533424633,0.21977053565663118,0.10889785762107144
Delta,scam_0593_0719582709_653_ca0_scam01593_knife_creek__________01p02.wav,C:\Users\cmkua\Downloads\Concatenated Multishot WAVs\Delta\scam_0593_0719582709_653_ca0_scam01593_knife_creek__________01p02.wav,OK,False,100000,174000,1.74,29,29-shot,0.06899999999999999,0.079,6922.0,0.06922,9.220000000000006,6952.0,0.06952,0.3,0.07922,9.999999999999995,-15132.77796893876,15132.77796893876,0.9544111465925859,0.0005286537618156191,19.083855024026306,6936.149978181455,3125.8682474284988,6500.0,9400.0,3.9862962734215426,0.5708204067119073,0.14319568029045596,0.12525019384136665,4.557441303722607
Delta,scam_0604_0720557976_589_ca0_scam01604_kejulik______________01p02.wav,C:\Users\cmkua\Downloads\Concatenated Multishot WAVs\Delta\scam_0604_0720557976_589_ca0_scam01604_kejulik______________01p02.wav,NO PEAK,True,100000,174000,1.74,29,29-shot,0.06899999999999999,0.079,,,,,,,,,,,,,,,,,,,,,,
Delta,scam_0607_0720824559_854_ca0_scam01607_gibraltar_lake_scam__01p02.wav,C:\Users\cmkua\Downloads\Concatenated Multishot WAVs\Delta\scam_0607_0720824559_854_ca0_scam01607_gibraltar_lake_scam__01p02.wav,NO PEAK,True,100000,174000,1.74,29,29-shot,0.06899999999999999,0.079,,,,,,,,,,,,,,,,,,,,,,
Delta,scam_0607_0720827278_796_ca0_scam02607_mount_cerberus_scam__01p02.wav,C:\Users\cmkua\Downloads\Concatenated Multishot WAVs\Delta\scam_0607_0720827278_796_ca0_scam02607_mount_cerberus_scam__01p02.wav,OK,False,100000,174000,1.74,29,29-shot,0.06899999999999999,0.079,6883.0,0.06883,8.830000000000005,6914.0,0.06914,0.31,0.07883,9.999999999999995,-10688.0767867804,10688.0767867804,0.8510344135430601,0.0007484976165117787,17.5438301057631,6884.716222565702,3064.1683872011663,3800.0,9900.0,7.069651322421848,1.191079950751011,0.16847789182663442,0.1441846300644392,8.260796939442795
Delta,scam_0608_0720913346_166_ca0_scam01608_moraine_creek_608____01p02.wav,C:\Users\cmkua\Downloads\Concatenated Multishot WAVs\Delta\scam_0608_0720913346_166_ca0_scam01608_moraine_creek_608____01p02.wav,OK,False,100000,174000,1.74,29,29-shot,0.06899999999999999,0.079,7012.0,0.07012,10.120000000000005,7040.0,0.0704,0.27999999999999997,0.08012,9.999999999999995,-4912.0071469167315,4912.0071469167315,0.8722622674206272,0.0016286621254249605,15.64219614415107,6581.643269322259,2878.49468162703,6600.0,9000.0,5.912771950946721,0.6450885791596435,0.1091008725706655,0.09836319323100906,6.558231366529883
Delta,scam_0608_0720916149_468_ca0_scam02608_mount_griggs_________01p02.wav,C:\Users\cmkua\Downloads\Concatenated Multishot WAVs\Delta\scam_0608_0720916149_468_ca0_scam02608_mount_griggs_________01p02.wav,OK,False,100000,174000,1.74,29,29-shot,0.06899999999999999,0.079,6937.0,0.06937,9.370000000000003,6970.0,0.0697,0.33,0.07937,9.999999999999995,-5169.790823510943,5169.790823510943,0.9005722301742729,0.001547451390802498,15.83612644533927,6567.020821772997,2777.036468940805,3700.0,9000.0,6.809293533673929,0.6764795238726686,0.09934650643672231,0.0903670721606737,7.48590728567459
Delta,scam_0611_0721179351_588_ca0_scam01611_kupreanof_strait_____01p02.wav,C:\Users\cmkua\Downloads\Concatenated Multishot WAVs\Delta\scam_0611_0721179351_588_ca0_scam01611_kupreanof_strait_____01p02.wav,LONG PEAK-ONSET LAG,True,100000,174000,1.74,29,29-shot,0.06899999999999999,0.079,6874.0,0.06874,8.739999999999998,6918.0,0.06918,0.44,0.07873999999999999,9.999999999999995,-3331.70350737202,3331.70350737202,0.9448811830132819,0.002401174048740681,11.09306085012042,6363.850691634147,2400.3093460107543,5800.0,8300.0,12.060288241002468,0.6917217899005867,0.05735532817108606,0.05424402421900612,12.752036742477156
Delta,scam_0620_0721976717_616_ca0_scam01620_kupreanof_strait_620_01p02.wav,C:\Users\cmkua\Downloads\Concatenated Multishot WAVs\Delta\scam_0620_0721976717_616_ca0_scam01620_kupreanof_strait_620_01p02.wav,OK,False,100000,174000,1.74,29,29-shot,0.06899999999999999,0.079,6886.0,0.06886,8.860000000000007,6911.0,0.06911,0.25,0.07886,9.999999999999995,-4585.204829498674,4585.204829498674,0.9531936783839893,0.0017447421211223588,14.273982611955827,7437.069493845606,3177.2263539261635,6200.0,9900.0,5.906663565861107,0.9129551599530552,0.15456359580553822,0.13386850595382488,6.819790461155665
Delta,scam_0622_0722177767_333_ca0_scam01622_hammersly_lake_______01p02.wav,C:\Users\cmkua\Downloads\Concatenated Multishot WAVs\Delta\scam_0622_0722177767_333_ca0_scam01622_hammersly_lake_______01p02.wav,LONG PEAK-ONSET LAG,True,100000,744000,7.44,124,124-shot,0.06899999999999999,0.079,6978.0,0.06978,9.779999999999998,7033.0,0.07033,0.55,0.07977999999999999,9.999999999999995,-5251.182738000165,5251.182738000165,0.9740182973590334,0.001523466312095374,13.610236999895102,6330.216954551692,2268.9279415448004,6200.0,8100.0,18.40225061623708,0.9018400329692716,0.04900705091873601,0.04671745522495481,19.304134367480287
Delta,scam_0632_0723044836_558_ca0_scam01632_mount_martin_________01p02.wav,C:\Users\cmkua\Downloads\Concatenated Multishot WAVs\Delta\scam_0632_0723044836_558_ca0_scam01632_mount_martin_________01p02.wav,NO PEAK,True,100000,174000,1.74,29,29-shot,0.06899999999999999,0.079,,,,,,,,,,,,,,,,,,,,,,
Delta,scam_0642_0723934912_593_ca0_scam01642_twoheaded_island_____01p02.wav,C:\Users\cmkua\Downloads\Concatenated Multishot WAVs\Delta\scam_0642_0723934912_593_ca0_scam01642_twoheaded_island_____01p02.wav,NO PEAK,True,100000,174000,1.74,29,29-shot,0.06899999999999999,0.079,,,,,,,,,,,,,,,,,,,,,,
Delta,scam_0643_0724021966_038_ca0_scam01643_levelock_____________01p02.wav,C:\Users\cmkua\Downloads\Concatenated Multishot WAVs\Delta\scam_0643_0724021966_038_ca0_scam01643_levelock_____________01p02.wav,OK,False,100000,174000,1.74,29,29-shot,0.06899999999999999,0.079,7378.0,0.07378,13.780000000000001,7413.0,0.07413,0.35,0.08378,9.999999999999995,-15515.736929276467,15515.736929276467,0.8707634783977861,0.0005156055452902718,19.043076082524756,6141.015488323757,2851.4405387184884,3900.0,8600.0,0.8086132219959447,0.051226753670825506,0.06335136784478948,0.059566600201887795,0.8599912282588527
Delta,scam_0645_0724214436_953_ca0_scam15011_aegis_0645a__________01p02.wav,C:\Users\cmkua\Downloads\Concatenated Multishot WAVs\Delta\scam_0645_0724214436_953_ca0_scam15011_aegis_0645a__________01p02.wav,NO CLEAN ONSET BEFORE PEAK,True,100000,174000,1.74,29,29-shot,0.06899999999999999,0.079,7327.0,0.07327,13.270000000000003,7327.0,0.07327,0.0,0.08327,9.999999999999995,-6165.840389150714,6165.840389150714,0.7119000382158766,0.001297471146686936,-15.575675180596013,6799.836259787193,4384.79838578829,3700.0,10200.0,0.09977251081437252,0.020448432558105432,0.20495056595448308,0.17007536592675604,0.12023159525002386
Delta,scam_0656_0725175157_396_ca0_scam01656_ban_island___________01p02.wav,C:\Users\cmkua\Downloads\Concatenated Multishot WAVs\Delta\scam_0656_0725175157_396_ca0_scam01656_ban_island___________01p02.wav,LONG PEAK-ONSET LAG,True,100000,174000,1.74,29,29-shot,0.06899999999999999,0.079,7331.0,0.07331,13.310000000000002,7382.0,0.07382,0.51,0.08331,9.999999999999995,-22392.50039781721,22392.50039781721,0.8530360314222573,0.0003572624699285404,19.10897164845895,6023.252650834397,2890.6593539009355,3800.0,8100.0,0.5465806162447998,0.03833544062223133,0.07013684620872439,0.06553225554672279,0.5849858257190486
Delta,scam_0657_0725264911_733_ca0_scam01657_dolgoi_island________01p02.wav,C:\Users\cmkua\Downloads\Concatenated Multishot WAVs\Delta\scam_0657_0725264911_733_ca0_scam01657_dolgoi_island________01p02.wav,OK,False,100000,174000,1.74,29,29-shot,0.06899999999999999,0.079,7358.0,0.07358,13.580000000000009,7380.0,0.0738,0.22,0.08358,9.999999999999995,-7809.482948831643,7809.482948831643,0.9925037147294967,0.0010243956037059867,15.656708842941065,7032.214565462,3385.2159821447412,5000.0,9800.0,0.41504097109262816,0.06625051568433536,0.15962403786287807,0.1376474861490845,0.4813056710137092
Delta,scam_0669_0726333000_865_ca0_scam02669_lake_clark___________01p02.wav,C:\Users\cmkua\Downloads\Concatenated Multishot WAVs\Delta\scam_0669_0726333000_865_ca0_scam02669_lake_clark___________01p02.wav,OK,False,100000,174000,1.74,29,29-shot,0.06899999999999999,0.079,7060.0,0.0706,10.599999999999998,7083.0,0.07083,0.23,0.08059999999999999,9.999999999999995,-5282.671124106285,5282.671124106285,0.9387031311652144,0.0015143853955802385,14.148296741043858,7530.558966338166,3804.3719188403206,4700.0,10100.0,1.1049464583336774,0.19758376641031167,0.17881750280305828,0.1516770033914964,1.3026613263206714
Delta,scam_0673_0726685505_155_ca0_scam01673_kubugakli____________01p02.wav,C:\Users\cmkua\Downloads\Concatenated Multishot WAVs\Delta\scam_0673_0726685505_155_ca0_scam01673_kubugakli____________01p02.wav,OK,False,100000,174000,1.74,29,29-shot,0.06899999999999999,0.079,7005.0,0.07005,10.050000000000004,7036.0,0.07036,0.31,0.08005,9.999999999999995,-8009.922016078637,8009.922016078637,0.7988151451023586,0.0009987612843097948,18.00228809052535,7204.250991336764,3098.2181034605437,7600.0,9600.0,3.1673703147611083,0.500513923632166,0.15802191530923534,0.13645346710306963,3.6680191002703113
Delta,scam_0673_0726688194_151_ca0_scam02673_nondalton____________01p02.wav,C:\Users\cmkua\Downloads\Concatenated Multishot WAVs\Delta\scam_0673_0726688194_151_ca0_scam02673_nondalton____________01p02.wav,LONG PEAK-ONSET LAG,True,100000,174000,1.74,29,29-shot,0.06899999999999999,0.079,7292.0,0.07292,12.920000000000002,7372.0,0.07372,0.8,0.08292,9.999999999999995,-40987.130815950644,40987.130815950644,0.971840496576925,0.00019518321582262846,21.497346569576884,6456.215771269811,2825.7337899627396,4700.0,8700.0,1.251066438048336,0.1392618240921329,0.11131449126665197,0.10016431574385636,1.39033370375392
Delta,scam_0676_0726946541_858_ca0_scam01676_unga_island__________01p02.wav,C:\Users\cmkua\Downloads\Concatenated Multishot WAVs\Delta\scam_0676_0726946541_858_ca0_scam01676_unga_island__________01p02.wav,OK,False,100000,174000,1.74,29,29-shot,0.06899999999999999,0.079,7393.0,0.07393,13.929999999999998,7425.0,0.07425,0.32,0.08392999999999999,9.999999999999995,-15150.333592515834,15150.333592515834,0.877775838299142,0.0005280411781792018,20.261248254391422,7371.021233034015,2568.9052010631563,6700.0,10100.0,0.9367118200453391,0.16690094141215422,0.17817746914315205,0.15122688411821741,1.1036459713187243
Delta,scam_0680_0727303084_576_ca0_scam01680_chignik______________01p02.wav,C:\Users\cmkua\Downloads\Concatenated Multishot WAVs\Delta\scam_0680_0727303084_576_ca0_scam01680_chignik______________01p02.wav,LONG PEAK-ONSET LAG,True,100000,174000,1.74,29,29-shot,0.06899999999999999,0.079,7418.0,0.07418,14.179999999999998,7608.0,0.07608,1.9,0.08417999999999999,9.999999999999995,-7146.05408245552,7146.05408245552,0.9740587659257531,0.001119498944129324,4.002873568853847,7451.409659606078,2469.617493380725,7600.0,9500.0,2.4774579395234175,0.30279890350788247,0.12222161219258929,0.10891026642592425,2.780260423968684
Delta,scam_0681_0727393932_667_ca0_scam01681_chignik______________01p02.wav,C:\Users\cmkua\Downloads\Concatenated Multishot WAVs\Delta\scam_0681_0727393932_667_ca0_scam01681_chignik______________01p02.wav,OK,False,100000,174000,1.74,29,29-shot,0.06899999999999999,0.079,7558.0,0.07558,15.579999999999997,7583.0,0.07583,0.25,0.08557999999999999,9.999999999999995,-6835.691249711067,6835.691249711067,0.8577548772979011,0.0011703278728889556,18.544174052525552,7625.979469577895,3948.527786515181,9100.0,10700.0,0.1446133351783989,0.032926985327470716,0.22768982740665725,0.18545859234293335,0.17754359564309155
Delta,scam_0682_0727480556_607_ca0_scam01682_ikatan_bay___________01p02.wav,C:\Users\cmkua\Downloads\Concatenated Multishot WAVs\Delta\scam_0682_0727480556_607_ca0_scam01682_ikatan_bay___________01p02.wav,LONG PEAK-ONSET LAG,True,100000,174000,1.74,29,29-shot,0.06899999999999999,0.079,6884.0,0.06884,8.84,6941.0,0.06941,0.57,0.07884,9.999999999999995,-6457.268847692751,6457.268847692751,0.9612021639809893,0.0012389138796440981,14.958194320153204,6845.2816462182955,2424.889412717722,6600.0,8800.0,9.94034163327762,0.8972227208502822,0.09026075299531146,0.08278757149279276,10.837649959672893
Delta,scam_0691_0728279185_537_ca0_scam01691_manokotak____________01p02.wav,C:\Users\cmkua\Downloads\Concatenated Multishot WAVs\Delta\scam_0691_0728279185_537_ca0_scam01691_manokotak____________01p02.wav,OK,False,100000,174000,1.74,29,29-shot,0.06899999999999999,0.079,7723.0,0.07723,17.229999999999997,7757.0,0.07757,0.34,0.08722999999999999,9.999999999999995,-14379.28421117378,14379.28421117378,0.7141830034261265,0.0005563559272153062,20.94846621899662,6207.641569535547,3278.7887799925975,4800.0,8400.0,0.38858144524903554,0.05003158466877586,0.12875443560284106,0.11405739570532904,0.43865270076860313
Delta,scam_0691_0728281900_976_ca0_scam02691_ouzinkie_____________01p02.wav,C:\Users\cmkua\Downloads\Concatenated Multishot WAVs\Delta\scam_0691_0728281900_976_ca0_scam02691_ouzinkie_____________01p02.wav,LONG PEAK-ONSET LAG,True,100000,174000,1.74,29,29-shot,0.06899999999999999,0.079,7182.0,0.07182,11.819999999999997,7233.0,0.07233,0.51,0.08181999999999999,9.999999999999995,-25543.87722356464,25543.87722356464,0.6660563701222757,0.0003131865977111678,20.36379033353997,6987.457420568309,4029.6716692437344,4300.0,12100.0,1.6619530685946193,0.41064285694484315,0.24708450840437446,0.19812206018459216,2.072676089488689
Delta,scam_0695_0728634272_026_ca0_scam01695_ugak_island__________01p02.wav,C:\Users\cmkua\Downloads\Concatenated Multishot WAVs\Delta\scam_0695_0728634272_026_ca0_scam01695_ugak_island__________01p02.wav,OK,False,100000,174000,1.74,29,29-shot,0.06899999999999999,0.079,7801.0,0.07801,18.009999999999998,7835.0,0.07835,0.34,0.08800999999999999,9.999999999999995,-7379.661440106554,7379.661440106554,0.8794704132567976,0.001084060571738707,19.16253316598963,6426.635810285235,3591.180149400013,4800.0,8700.0,0.1806037331220487,0.02207108550058929,0.1222072496456873,0.10888305813974994,0.20270449671115362
Delta,scam_0697_0728812707_807_ca0_scam01697_abbott_ridge_________01p02.wav,C:\Users\cmkua\Downloads\Concatenated Multishot WAVs\Delta\scam_0697_0728812707_807_ca0_scam01697_abbott_ridge_________01p02.wav,OK,False,100000,744000,7.44,124,124-shot,0.06899999999999999,0.079,7041.0,0.07041,10.410000000000002,7065.0,0.07065,0.24000000000000002,0.08041,9.999999999999995,-36552.86559607478,36552.86559607478,0.931141526942574,0.00021886108980903205,18.43998559024572,11646.409613458296,6737.196270719183,3600.0,20700.0,0.1252810276900334,0.13700403039764225,1.0935736473731166,0.5222570361173837,0.2623306550662707
Delta,scam_0701_0729173186_338_ca0_scam06701_aegis_0701a__________01p02.wav,C:\Users\cmkua\Downloads\Concatenated Multishot WAVs\Delta\scam_0701_0729173186_338_ca0_scam06701_aegis_0701a__________01p02.wav,NO CLEAN ONSET BEFORE PEAK,True,100000,174000,1.74,29,29-shot,0.06899999999999999,0.079,7548.0,0.07548,15.480000000000008,7548.0,0.07548,0.0,0.08548,9.999999999999995,-42443.890388684245,42443.890388684245,0.9352369987214466,0.0001884841358023307,-25.464378039966945,7117.148730855915,1838.365996138162,7300.0,8800.0,16.691848835607562,0.4819386628480402,0.028872695145666184,0.028062446366584875,17.17379363696191
Delta,scam_0702_0729255014_836_ca0_scam01702_neighbor_mountain____01p02.wav,C:\Users\cmkua\Downloads\Concatenated Multishot WAVs\Delta\scam_0702_0729255014_836_ca0_scam01702_neighbor_mountain____01p02.wav,OK,False,100000,174000,1.74,29,29-shot,0.06899999999999999,0.079,7859.0,0.07859,18.589999999999996,7888.0,0.07888,0.29,0.08858999999999999,9.999999999999995,-4063.5575433324707,4063.5575433324707,0.7314089917591531,0.001968718275720369,14.429628689963927,6603.544780236366,2938.1594727619727,6800.0,8400.0,0.3769908032886824,0.033512545339520736,0.08889486175040284,0.08163685951687306,0.4105075273332166
Delta,scam_0702_0729258381_398_ca0_scam03702_dean_mountain________01p02.wav,C:\Users\cmkua\Downloads\Concatenated Multishot WAVs\Delta\scam_0702_0729258381_398_ca0_scam03702_dean_mountain________01p02.wav,LONG PEAK-ONSET LAG,True,100000,174000,1.74,29,29-shot,0.06899999999999999,0.079,7192.0,0.07192,11.92,7249.0,0.07249,0.57,0.08191999999999999,9.999999999999995,-3970.7119532285515,3970.7119532285515,0.8156252695994287,0.0020147520379803097,14.910017165758997,7308.276835929939,3567.4696999551647,4100.0,10000.0,2.0902982606390053,0.37672941478985755,0.18022758851394308,0.15270277034681537,2.4670764907161638
Delta,scam_0703_0729348823_160_ca0_scam02703_aegis_0703a__________01p02.wav,C:\Users\cmkua\Downloads\Concatenated Multishot WAVs\Delta\scam_0703_0729348823_160_ca0_scam02703_aegis_0703a__________01p02.wav,OK,False,100000,174000,1.74,29,29-shot,0.06899999999999999,0.079,6955.0,0.06955,9.550000000000002,6984.0,0.06984,0.29,0.07955,9.999999999999995,-2973.6688017600327,2973.6688017600327,0.8940609125640495,0.002690279426970825,-1.2178981107024391,8138.157068292072,5288.90499959356,2700.0,13900.0,0.04136791582072615,0.017292171154223192,0.4180092424564321,0.2947777551289722,0.05866172346233338
Delta,scam_0704_0729440506_822_ca0_scam01704_trayfoot_mountain____01p02.wav,C:\Users\cmkua\Downloads\Concatenated Multishot WAVs\Delta\scam_0704_0729440506_822_ca0_scam01704_trayfoot_mountain____01p02.wav,NO PEAK,True,100000,174000,1.74,29,29-shot,0.06899999999999999,0.079,,,,,,,,,,,,,,,,,,,,,,
Upper Fan,scam_0706_0729612102_778_ca0_scam02706_the_peak_____________01p02.wav,C:\Users\cmkua\Downloads\Concatenated Multishot WAVs\Upper Fan\scam_0706_0729612102_778_ca0_scam02706_the_peak_____________01p02.wav,OK,False,100000,174000,1.74,29,29-shot,0.06899999999999999,0.079,7768.0,0.07768,17.68,7798.0,0.07798,0.3,0.08768,9.999999999999995,-6522.728429412458,6522.728429412458,0.8808714002406761,0.001226480618743253,17.95734652425447,6062.884300596334,2948.2817130314224,3500.0,8600.0,0.5088050209860733,0.03931047926949215,0.07726039965821827,0.07171869635739642,0.5481203823560302
Upper Fan,scam_0707_0729698581_651_ca0_scam01707_nicholson_hollow_707_01p02.wav,C:\Users\cmkua\Downloads\Concatenated Multishot WAVs\Upper Fan\scam_0707_0729698581_651_ca0_scam01707_nicholson_hollow_707_01p02.wav,OK,False,100000,174000,1.74,29,29-shot,0.06899999999999999,0.079,7039.0,0.07039,10.389999999999997,7070.0,0.0707,0.31,0.08038999999999999,9.999999999999995,-5546.802636320333,5546.802636320333,0.8768570482877482,0.0014422723367902418,16.03458185795374,6606.503777495926,3058.4060646099438,5500.0,9100.0,3.3624185835070746,0.3331055326546458,0.09906724114854541,0.09013677196470855,3.6955564903640807
Upper Fan,scam_0709_0729895267_171_ca0_scam02709_aegis_0709a__________01p02.wav,C:\Users\cmkua\Downloads\Concatenated Multishot WAVs\Upper Fan\scam_0709_0729895267_171_ca0_scam02709_aegis_0709a__________01p02.wav,NO CLEAN ONSET BEFORE PEAK,True,100000,174000,1.74,29,29-shot,0.06899999999999999,0.079,7053.0,0.07053,10.529999999999998,7053.0,0.07053,0.0,0.08052999999999999,9.999999999999995,-3167.8300467646586,3167.8300467646586,0.9299682098895051,0.0025253880043755797,-2.4227011315796156,9961.529858375756,5717.101720092748,9600.0,17300.0,0.016563089758536743,0.010403446232607057,0.628110236934811,0.385725640165155,0.026971103679165963
Upper Fan,scam_0711_0730057751_650_ca0_scam01711_lydia_scam___________01p02.wav,C:\Users\cmkua\Downloads\Concatenated Multishot WAVs\Upper Fan\scam_0711_0730057751_650_ca0_scam01711_lydia_scam___________01p02.wav,OK,False,100000,174000,1.74,29,29-shot,0.06899999999999999,0.079,7044.0,0.07044,10.440000000000005,7074.0,0.07074,0.3,0.08044,9.999999999999995,-4577.034458612195,4577.034458612195,0.9442465112046639,0.001747856624707537,16.68320759392342,7316.513126077789,3341.5269231224943,7000.0,9700.0,2.375402619314026,0.3977597035572196,0.16744938324269656,0.14342773968369366,2.7732411068766294
Upper Fan,scam_0715_0730426950_232_ca0_scam02715_aegis_0715a__________01p02.wav,C:\Users\cmkua\Downloads\Concatenated Multishot WAVs\Upper Fan\scam_0715_0730426950_232_ca0_scam02715_aegis_0715a__________01p02.wav,OK,False,100000,174000,1.74,29,29-shot,0.06899999999999999,0.079,7750.0,0.0775,17.5,7772.0,0.07772,0.22,0.0875,9.999999999999995,-7273.396325106732,7273.396325106732,0.7021386658368566,0.0010998988151360782,15.746609780535486,6041.919936886833,3380.5498693876266,5000.0,8500.0,0.24725179562595473,0.02429938070883326,0.09827787356332746,0.08947992285032205,0.27156237885318874
Upper Fan,scam_0717_0730586200_716_ca0_scam01717_morningstar__________01p02.wav,C:\Users\cmkua\Downloads\Concatenated Multishot WAVs\Upper Fan\scam_0717_0730586200_716_ca0_scam01717_morningstar__________01p02.wav,OK,False,100000,174000,1.74,29,29-shot,0.06899999999999999,0.079,7152.0,0.07152,11.520000000000003,7176.0,0.07176,0.24000000000000002,0.08152,9.999999999999995,-40137.440813009845,40137.440813009845,0.8769569014691754,0.0001993151490965747,18.78724544553063,7518.34612934178,4081.217296008208,5800.0,10000.0,0.8503919320839636,0.15007917084205918,0.1764823549939807,0.1500036363185503,1.0005035512829068
Upper Fan,scam_0724_0731210509_241_ca0_scam02724_amroth_______________01p02.wav,C:\Users\cmkua\Downloads\Concatenated Multishot WAVs\Upper Fan\scam_0724_0731210509_241_ca0_scam02724_amroth_______________01p02.wav,LONG PEAK-ONSET LAG,True,100000,174000,1.74,29,29-shot,0.06899999999999999,0.079,7147.0,0.07147,11.470000000000008,7195.0,0.07195,0.48000000000000004,0.08147,9.999999999999995,-7992.725051919206,7992.725051919206,0.9521196752243991,0.0010009101962138742,16.245664673620976,6575.769062796995,2917.1091636429264,5600.0,8000.0,3.398422331816302,0.3585954517148116,0.10551821307128671,0.0954445726293107,3.7571067881201676
Upper Fan,scam_0724_0731213478_499_ca0_scam03724_blaenffos____________01p02.wav,C:\Users\cmkua\Downloads\Concatenated Multishot WAVs\Upper Fan\scam_0724_0731213478_499_ca0_scam03724_blaenffos____________01p02.wav,LONG PEAK-ONSET LAG,True,100000,174000,1.74,29,29-shot,0.06899999999999999,0.079,6833.0,0.06833,8.330000000000004,6996.0,0.06996,1.63,0.07833,9.999999999999995,-8426.4110035929,8426.4110035929,0.9513709739428763,0.0009493958930544587,7.439926508974645,6179.732922147092,3379.4668295670426,3700.0,10200.0,61.58482234082267,12.521468427806727,0.20332068766084,0.16896620734482146,74.1063472073636
Upper Fan,scam_0728_0731562419_624_ca0_scam01728_stack_rocks_scam_____01p02.wav,C:\Users\cmkua\Downloads\Concatenated Multishot WAVs\Upper Fan\scam_0728_0731562419_624_ca0_scam01728_stack_rocks_scam_____01p02.wav,OK,False,100000,174000,1.74,29,29-shot,0.06899999999999999,0.079,7716.0,0.07716,17.160000000000007,7747.0,0.07747,0.31,0.08716,9.999999999999995,-40290.268798647565,40290.268798647565,0.94838799199361,0.00019855911212656238,23.20055205921981,5817.595690572292,2870.8597225768617,4800.0,7900.0,0.3384497759300009,0.028077124958731676,0.08295802495829886,0.07660166304140718,0.36653414356754277
Upper Fan,scam_0728_0731565252_873_ca0_scam02728_ramsey_island_scam___01p02.wav,C:\Users\cmkua\Downloads\Concatenated Multishot WAVs\Upper Fan\scam_0728_0731565252_873_ca0_scam02728_ramsey_island_scam___01p02.wav,NO CLEAN ONSET BEFORE PEAK,True,100000,174000,1.74,29,29-shot,0.06899999999999999,0.079,7166.0,0.07166,11.660000000000004,7166.0,0.07166,0.0,0.08166,9.999999999999995,-9532.625755783665,9532.625755783665,0.8916528756172447,0.0008392231274941444,-27.87252138050425,6858.760593146102,3119.0421264477063,8700.0,9100.0,0.5562830989467571,0.046489032258871514,0.08357081555576987,0.07711307679327033,0.6028683355937449
Upper Fan,scam_0729_0731658812_779_ca0_scam02729_green_scar___________01p02.wav,C:\Users\cmkua\Downloads\Concatenated Multishot WAVs\Upper Fan\scam_0729_0731658812_779_ca0_scam02729_green_scar___________01p02.wav,OK,False,100000,174000,1.74,29,29-shot,0.06899999999999999,0.079,7552.0,0.07552,15.520000000000007,7580.0,0.0758,0.27999999999999997,0.08552,9.999999999999995,-8441.294037525191,8441.294037525191,0.8924402653313782,0.0009477219919643304,19.73277000178579,6465.576852413336,2881.748400391617,6000.0,8300.0,0.48142566313373036,0.04279967002862508,0.0889019288046059,0.08164279944017287,0.5242307995573854
Upper Fan,scam_0730_0731753911_545_ca0_scam03730_aegis_0730a__________01p02.wav,C:\Users\cmkua\Downloads\Concatenated Multishot WAVs\Upper Fan\scam_0730_0731753911_545_ca0_scam03730_aegis_0730a__________01p02.wav,NO CLEAN ONSET BEFORE PEAK,True,100000,174000,1.74,29,29-shot,0.06899999999999999,0.079,7841.0,0.07841,18.409999999999997,7841.0,0.07841,0.0,0.08840999999999999,9.999999999999995,-3386.7688192919964,3386.7688192919964,0.9087241325069946,0.002362133474959888,10.825470886462691,5253.125918878618,3068.4161916052753,3600.0,8100.0,0.47388082600879256,0.028752131783618604,0.06067376058613759,0.05720244006897053,0.5026382047505558
Upper Fan,scam_0733_0732013189_086_ca0_scam02733_aegis_0733a__________01p02.wav,C:\Users\cmkua\Downloads\Concatenated Multishot WAVs\Upper Fan\scam_0733_0732013189_086_ca0_scam02733_aegis_0733a__________01p02.wav,OK,False,100000,174000,1.74,29,29-shot,0.06899999999999999,0.079,7830.0,0.0783,18.299999999999997,7859.0,0.07859,0.29,0.08829999999999999,9.999999999999995,-11030.484488358592,11030.484488358592,0.7479130050515113,0.0007252627940724707,20.436280526298187,7276.205312967473,3515.022038346593,6900.0,9700.0,0.18594966373812796,0.030574000876196272,0.16442084519848066,0.1412007344952878,0.21652862490751845
Upper Fan,scam_0737_0732363077_202_ca0_scam01737_aegis_0736a__________01p02.wav,C:\Users\cmkua\Downloads\Concatenated Multishot WAVs\Upper Fan\scam_0737_0732363077_202_ca0_scam01737_aegis_0736a__________01p02.wav,NO PEAK,True,100000,174000,1.74,29,29-shot,0.06899999999999999,0.079,,,,,,,,,,,,,,,,,,,,,,
Upper Fan,scam_0738_0732450285_961_ca0_scam01738_penclegyr____________01p02.wav,C:\Users\cmkua\Downloads\Concatenated Multishot WAVs\Upper Fan\scam_0738_0732450285_961_ca0_scam01738_penclegyr____________01p02.wav,LONG PEAK-ONSET LAG,True,100000,174000,1.74,29,29-shot,0.06899999999999999,0.079,7054.0,0.07054,10.540000000000008,7102.0,0.07102,0.48000000000000004,0.08054,9.999999999999995,-5690.016006263358,5690.016006263358,0.8964389526363308,0.001405971440360431,14.578718324872689,6765.788387669383,2976.266428896177,5500.0,9500.0,3.187070550680556,0.39187232684590373,0.12295690371906723,0.10949060136451122,3.5790499089625043
Upper Fan,scam_0738_0732454628_624_ca0_scam04738_new_inn______________01p02.wav,C:\Users\cmkua\Downloads\Concatenated Multishot WAVs\Upper Fan\scam_0738_0732454628_624_ca0_scam04738_new_inn______________01p02.wav,LONG PEAK-ONSET LAG,True,100000,174000,1.74,29,29-shot,0.06899999999999999,0.079,7015.0,0.07015,10.150000000000006,7065.0,0.07065,0.5,0.08015,9.999999999999995,-12775.039212863545,12775.039212863545,0.9104532742217598,0.0006262211697905847,18.389565553701054,7131.040614820047,2918.208703684193,4100.0,9700.0,4.556862070203561,0.6878457252578379,0.1509472340090186,0.1311495978588155,5.244741398279499
Upper Fan,scam_0739_0732537655_271_ca0_scam01739_castlebythe__________01p02.wav,C:\Users\cmkua\Downloads\Concatenated Multishot WAVs\Upper Fan\scam_0739_0732537655_271_ca0_scam01739_castlebythe__________01p02.wav,OK,False,100000,174000,1.74,29,29-shot,0.06899999999999999,0.079,6925.0,0.06925,9.250000000000009,6956.0,0.06956,0.31,0.07925,9.999999999999995,-7155.90874168878,7155.90874168878,0.8525806885989875,0.0011179572418795291,19.079182606085393,7482.29614443703,3313.883438399828,8500.0,10800.0,3.2632617766429908,0.8984816736598118,0.27533239291151973,0.21588209740104633,4.161909136868785
Upper Fan,scam_0739_0732542034_806_ca0_scam04739_glyn_gath____________01p02.wav,C:\Users\cmkua\Downloads\Concatenated Multishot WAVs\Upper Fan\scam_0739_0732542034_806_ca0_scam04739_glyn_gath____________01p02.wav,OK,False,100000,174000,1.74,29,29-shot,0.06899999999999999,0.079,7104.0,0.07104,11.040000000000008,7137.0,0.07137,0.33,0.08104,9.999999999999995,-9307.001944906706,9307.001944906706,0.8083399292919623,0.0008595678874202913,18.195824398725797,6969.674928403055,3354.9341561992105,4000.0,9700.0,2.955478372955563,0.5004643730630132,0.16933447310681365,0.14480364959045727,3.456158560080894
Upper Fan,scam_0741_0732716997_368_ca0_scam01741_porthgain____________01p02.wav,C:\Users\cmkua\Downloads\Concatenated Multishot WAVs\Upper Fan\scam_0741_0732716997_368_ca0_scam01741_porthgain____________01p02.wav,OK,False,100000,174000,1.74,29,29-shot,0.06899999999999999,0.079,7265.0,0.07265,12.65000000000001,7276.0,0.07276,0.11,0.08265,9.999999999999995,-8728.340459480462,8728.340459480462,0.800768348797456,0.0009165545314299284,-23.32357703125405,7780.359188854367,3341.101145727292,7400.0,9700.0,0.25130563142474066,0.04045768282246358,0.16098995710161623,0.13866314615691716,0.2917695432691245
Upper Fan,scam_0741_0732719833_645_ca0_scam02741_cardigan_bay_________01p02.wav,C:\Users\cmkua\Downloads\Concatenated Multishot WAVs\Upper Fan\scam_0741_0732719833_645_ca0_scam02741_cardigan_bay_________01p02.wav,OK,False,100000,174000,1.74,29,29-shot,0.06899999999999999,0.079,7068.0,0.07068,10.680000000000009,7099.0,0.07099,0.31,0.08068,9.999999999999995,-9823.59601975119,9823.59601975119,0.9585042369455251,0.0008143657357158527,16.340410751996494,6559.529032352833,3178.3303755100355,4100.0,9600.0,3.1280399016719636,0.44711308932004473,0.14293714382641315,0.12505433820150938,3.575350489637377
Upper Fan,scam_0742_0732806716_115_ca0_scam02742_dinas_mawr___________01p02.wav,C:\Users\cmkua\Downloads\Concatenated Multishot WAVs\Upper Fan\scam_0742_0732806716_115_ca0_scam02742_dinas_mawr___________01p02.wav,LONG PEAK-ONSET LAG,True,100000,174000,1.74,29,29-shot,0.06899999999999999,0.079,7004.0,0.07004,10.040000000000008,7054.0,0.07054,0.5,0.08004,9.999999999999995,-6311.188269733564,6311.188269733564,0.8636760256736241,0.0012675901364510762,15.66093259985719,6516.868302635789,3239.8275165323416,5000.0,10100.0,5.151542271059338,0.9276634552810542,0.1800748992185391,0.1525955989796713,6.079228113286787
Upper Fan,scam_0745_0733062907_374_ca0_scam01745_melyn_scam___________01p02.wav,C:\Users\cmkua\Downloads\Concatenated Multishot WAVs\Upper Fan\scam_0745_0733062907_374_ca0_scam01745_melyn_scam___________01p02.wav,LONG PEAK-ONSET LAG,True,100000,744000,7.44,124,124-shot,0.06899999999999999,0.079,6995.0,0.06995,9.950000000000001,7044.0,0.07044,0.49,0.07995,9.999999999999995,-2221.0287679232324,2221.0287679232324,0.914706453153661,0.003601934434861184,11.836487796170783,6635.852525217433,2367.0016644063244,6400.0,8700.0,11.907666143517652,0.8456525228752518,0.07101748677557708,0.06630816515813356,12.753369375528882
Upper Fan,scam_0745_0733070243_653_ca0_scam04745_crymych______________01p02.wav,C:\Users\cmkua\Downloads\Concatenated Multishot WAVs\Upper Fan\scam_0745_0733070243_653_ca0_scam04745_crymych______________01p02.wav,LONG PEAK-ONSET LAG,True,100000,174000,1.74,29,29-shot,0.06899999999999999,0.079,6879.0,0.06879,8.790000000000006,7069.0,0.07069,1.9,0.07879,9.999999999999995,-6163.569949468932,6163.569949468932,0.9330501134656296,0.0012979490888538224,-0.614695658606707,6464.324267229871,3166.4617003425374,4300.0,10800.0,53.20950251815849,13.34677638972884,0.2508344517067053,0.20053351259503474,66.55633872370173
Upper Fan,scam_0754_0733873409_990_ca0_scam02754_whitchurch___________01p02.wav,C:\Users\cmkua\Downloads\Concatenated Multishot WAVs\Upper Fan\scam_0754_0733873409_990_ca0_scam02754_whitchurch___________01p02.wav,LONG PEAK-ONSET LAG,True,100000,174000,1.74,29,29-shot,0.06899999999999999,0.079,7215.0,0.07215,12.150000000000007,7263.0,0.07263,0.48000000000000004,0.08215,9.999999999999995,-17559.99591301638,17559.99591301638,0.7168809825859754,0.00045558097163735583,18.615206825574088,6228.697369700436,2459.19473224887,4700.0,8700.0,1.8652870622968667,0.18699302475789034,0.10024892604338977,0.091114059786416,2.052296047352384
Upper Fan,scam_0755_0733974135_460_ca0_scam02755_aegis_0755a__________01p02.wav,C:\Users\cmkua\Downloads\Concatenated Multishot WAVs\Upper Fan\scam_0755_0733974135_460_ca0_scam02755_aegis_0755a__________01p02.wav,LONG PEAK-ONSET LAG,True,100000,174000,1.74,29,29-shot,0.06899999999999999,0.079,7576.0,0.07576,15.759999999999996,7624.0,0.07624,0.48000000000000004,0.08575999999999999,9.999999999999995,-12463.83115800129,12463.83115800129,0.9384275529949451,0.0006418572185859814,17.823502459211884,5543.280875193066,2936.9448895111655,3200.0,8100.0,0.31991260094230983,0.018077584963306637,0.056507886560450256,0.05348323330067998,0.3380047137703023
Upper Fan,scam_0755_0733977311_695_ca0_scam03755_aegis_0755b__________01p02.wav,C:\Users\cmkua\Downloads\Concatenated Multishot WAVs\Upper Fan\scam_0755_0733977311_695_ca0_scam03755_aegis_0755b__________01p02.wav,NO CLEAN ONSET BEFORE PEAK,True,100000,174000,1.74,29,29-shot,0.06899999999999999,0.079,7207.0,0.07207,12.069999999999997,7207.0,0.07207,0.0,0.08206999999999999,9.999999999999995,-6724.198497091625,6724.198497091625,0.9400435343526524,0.001189732873510529,-18.779235719749817,7724.159608614159,3771.0113383928788,7800.0,10800.0,0.19353643240535467,0.04428625593149597,0.22882645598602383,0.18618655001622889,0.23785958721312453
Upper Fan,scam_0756_0734052120_788_ca0_scam02756_waun_mawn____________01p02.wav,C:\Users\cmkua\Downloads\Concatenated Multishot WAVs\Upper Fan\scam_0756_0734052120_788_ca0_scam02756_waun_mawn____________01p02.wav,NO CLEAN ONSET BEFORE PEAK,True,100000,174000,1.74,29,29-shot,0.06899999999999999,0.079,7170.0,0.0717,11.700000000000003,7170.0,0.0717,0.0,0.0817,9.999999999999995,-7472.40415034588,7472.40415034588,0.8488065568450115,0.0010706059039418657,-5.624268985617493,9311.574900114807,5811.903163423967,5700.0,16700.0,0.028158369073282435,0.012713805529367173,0.4515107212452315,0.3110351295267432,0.04087578643837407
Upper Fan,scam_0756_0734054744_888_ca0_scam03756_banc_du______________01p02.wav,C:\Users\cmkua\Downloads\Concatenated Multishot WAVs\Upper Fan\scam_0756_0734054744_888_ca0_scam03756_banc_du______________01p02.wav,LONG PEAK-ONSET LAG,True,100000,174000,1.74,29,29-shot,0.06899999999999999,0.079,7006.0,0.07006,10.059999999999999,7054.0,0.07054,0.48000000000000004,0.08005999999999999,9.999999999999995,-8265.480397622483,8265.480397622483,0.9503260503749492,0.0009678808266608621,15.324256615962435,5846.270692595301,2931.317803823821,4000.0,8200.0,6.92661021874658,0.6857855457865554,0.09900738227343954,0.09008744399276428,7.612443148477349
Upper Fan,scam_0756_0734064553_357_ca0_scam06756_carn_goedog__________01p02.wav,C:\Users\cmkua\Downloads\Concatenated Multishot WAVs\Upper Fan\scam_0756_0734064553_357_ca0_scam06756_carn_goedog__________01p02.wav,OK,False,100000,174000,1.74,29,29-shot,0.06899999999999999,0.079,7750.0,0.0775,17.5,7777.0,0.07777,0.27,0.0875,9.999999999999995,-20234.368636497362,20234.368636497362,0.8827020409514654,0.0003953669197056216,19.019779247796023,6916.378107738088,3568.7771375149123,5600.0,9100.0,0.1944222355541707,0.021220074966548347,0.1091442802623053,0.09840141105036868,0.21564807597816293
Upper Fan,scam_0756_0734065357_462_ca0_scam07756_frenni_fawr__________01p02.wav,C:\Users\cmkua\Downloads\Concatenated Multishot WAVs\Upper Fan\scam_0756_0734065357_462_ca0_scam07756_frenni_fawr__________01p02.wav,OK,False,100000,174000,1.74,29,29-shot,0.06899999999999999,0.079,7583.0,0.07583,15.829999999999997,7610.0,0.0761,0.27,0.08582999999999999,9.999999999999995,-4543.449472349039,4543.449472349039,0.954307730378972,0.0017607767069243684,13.985470391363968,5691.016878275044,2990.2974630233416,4800.0,8300.0,0.5659965301193169,0.04793440640460602,0.08469028316216186,0.07807638917525836,0.6139424083381658
Upper Fan,scam_0757_0734137704_661_ca0_scam01757_frenni_fach__________01p02.wav,C:\Users\cmkua\Downloads\Concatenated Multishot WAVs\Upper Fan\scam_0757_0734137704_661_ca0_scam01757_frenni_fach__________01p02.wav,NO PEAK,True,100000,174000,1.74,29,29-shot,0.06899999999999999,0.079,,,,,,,,,,,,,,,,,,,,,,
Upper Fan,scam_0757_0734139259_744_ca0_scam02757_church_doors_cove____01p02.wav,C:\Users\cmkua\Downloads\Concatenated Multishot WAVs\Upper Fan\scam_0757_0734139259_744_ca0_scam02757_church_doors_cove____01p02.wav,OK,False,100000,174000,1.74,29,29-shot,0.06899999999999999,0.079,7557.0,0.07557,15.57,7581.0,0.07581,0.24000000000000002,0.08557,9.999999999999995,-4125.975604369733,4125.975604369733,0.6764153759027296,0.0019389353615002884,13.852931863069482,6401.80952162539,2808.439478397389,4800.0,9200.0,0.7328587543114763,0.08553203078195655,0.11671011675682885,0.1045081759941977,0.8184242999964452
Upper Fan,scam_0757_0734140812_773_ca0_scam03757_puncheston___________01p02.wav,C:\Users\cmkua\Downloads\Concatenated Multishot WAVs\Upper Fan\scam_0757_0734140812_773_ca0_scam03757_puncheston___________01p02.wav,OK,False,100000,174000,1.74,29,29-shot,0.06899999999999999,0.079,7631.0,0.07631,16.310000000000006,7663.0,0.07663,0.32,0.08631,9.999999999999995,-4238.795783287111,4238.795783287111,0.930563700163579,0.0018873284793626322,14.88212352271898,6280.674646851433,3063.0011346809097,7300.0,8700.0,0.31905260079144127,0.02778693913901636,0.0870920314396063,0.08011295556757533,0.34684701047607785
Upper Fan,scam_0757_0734142505_843_ca0_scam04757_tidal_mill___________01p02.wav,C:\Users\cmkua\Downloads\Concatenated Multishot WAVs\Upper Fan\scam_0757_0734142505_843_ca0_scam04757_tidal_mill___________01p02.wav,LONG PEAK-ONSET LAG,True,100000,174000,1.74,29,29-shot,0.06899999999999999,0.079,6968.0,0.06968,9.680000000000009,7094.0,0.07094,1.26,0.07968,9.999999999999995,-3680.9154124125794,3680.9154124125794,0.9173301529579023,0.0021733724097605838,7.467208867413868,5821.5078619060105,2210.9625059580744,4700.0,7800.0,21.150272780450862,1.268439687276369,0.05997273417904966,0.05657938455811031,22.418760776261323
Upper Fan,scam_0758_0734227300_921_ca0_scam01758_gors_fawr____________01p02.wav,C:\Users\cmkua\Downloads\Concatenated Multishot WAVs\Upper Fan\scam_0758_0734227300_921_ca0_scam01758_gors_fawr____________01p02.wav,NO PEAK,True,100000,174000,1.74,29,29-shot,0.06899999999999999,0.079,,,,,,,,,,,,,,,,,,,,,,
Upper Fan,scam_0758_0734230564_474_ca0_scam02758_tre_fach_____________01p02.wav,C:\Users\cmkua\Downloads\Concatenated Multishot WAVs\Upper Fan\scam_0758_0734230564_474_ca0_scam02758_tre_fach_____________01p02.wav,LONG PEAK-ONSET LAG,True,100000,174000,1.74,29,29-shot,0.06899999999999999,0.079,7369.0,0.07369,13.690000000000008,7415.0,0.07415,0.46,0.08369,9.999999999999995,-3083.1117212996487,3083.1117212996487,0.887404590371069,0.002594781092339948,13.321968287729645,5946.185265807549,2430.128717125558,4700.0,8000.0,1.3746458723031054,0.06060092613721726,0.04408475474173244,0.04222305686695374,1.4352567207100329
Upper Fan,scam_0760_0734408380_788_ca0_scam05760_aegis_0760a__________01p02.wav,C:\Users\cmkua\Downloads\Concatenated Multishot WAVs\Upper Fan\scam_0760_0734408380_788_ca0_scam05760_aegis_0760a__________01p02.wav,OK,False,100000,174000,1.74,29,29-shot,0.06899999999999999,0.079,7424.0,0.07424,14.240000000000002,7457.0,0.07457,0.33,0.08424,9.999999999999995,-13615.763701417756,13615.763701417756,0.7378715937775288,0.0005875542625028804,20.05683691291143,7385.877106852932,2775.787512118012,6600.0,9400.0,0.4372839152458977,0.04151905830507279,0.09494760007745859,0.08671033277990049,0.47882480638682234
Upper Fan,scam_0761_0734493614_577_ca0_scam01761_st_davids____________01p02.wav,C:\Users\cmkua\Downloads\Concatenated Multishot WAVs\Upper Fan\scam_0761_0734493614_577_ca0_scam01761_st_davids____________01p02.wav,OK,False,100000,174000,1.74,29,29-shot,0.06899999999999999,0.079,6896.0,0.06896,8.959999999999996,6924.0,0.06924,0.27999999999999997,0.07895999999999999,9.999999999999995,-5114.208948005527,5114.208948005527,0.9272705936989573,0.0015642692899983863,17.925411362930554,6867.603011666976,3135.099225417969,6700.0,9400.0,4.3299359150074315,0.5448026149001952,0.1258223275342079,0.11175570949918975,4.874942115634326
Upper Fan,scam_0761_0734496292_709_ca0_scam02761_mynydd_bach__________01p02.wav,C:\Users\cmkua\Downloads\Concatenated Multishot WAVs\Upper Fan\scam_0761_0734496292_709_ca0_scam02761_mynydd_bach__________01p02.wav,LONG PEAK-ONSET LAG,True,100000,174000,1.74,29,29-shot,0.06899999999999999,0.079,7088.0,0.07088,10.88,7289.0,0.07289,2.0100000000000002,0.08088,9.999999999999995,-7586.756379705986,7586.756379705986,0.7631793405702875,0.0010544690773779703,-3.572442941559743,6271.129209999898,2648.5917536916363,3900.0,9100.0,15.704122149174697,1.4875501531435575,0.0947235470415475,0.08652735058577105,17.191675731120526
Upper Fan,scam_0764_0734758885_679_ca0_scam01764_rabbit_island________01p02.wav,C:\Users\cmkua\Downloads\Concatenated Multishot WAVs\Upper Fan\scam_0764_0734758885_679_ca0_scam01764_rabbit_island________01p02.wav,LONG PEAK-ONSET LAG,True,100000,174000,1.74,29,29-shot,0.06899999999999999,0.079,6999.0,0.06999,9.989999999999998,7048.0,0.07048,0.49,0.07998999999999999,9.999999999999995,-7693.548822601246,7693.548822601246,0.9760435610704038,0.0010398322262540917,16.931677176691686,6803.995487250654,2914.2801218146656,4400.0,9400.0,4.879682422136747,0.5808264213329642,0.11902955378777053,0.10636686489294367,5.4605954769613225
Upper Fan,scam_0765_0734847769_492_ca0_scam01765_blueberry_island_____01p02.wav,C:\Users\cmkua\Downloads\Concatenated Multishot WAVs\Upper Fan\scam_0765_0734847769_492_ca0_scam01765_blueberry_island_____01p02.wav,NO PEAK,True,100000,174000,1.74,29,29-shot,0.06899999999999999,0.079,,,,,,,,,,,,,,,,,,,,,,
Upper Fan,scam_0767_0735026355_616_ca0_scam02767_aegis_0767a__________01p02.wav,C:\Users\cmkua\Downloads\Concatenated Multishot WAVs\Upper Fan\scam_0767_0735026355_616_ca0_scam02767_aegis_0767a__________01p02.wav,NO CLEAN ONSET BEFORE PEAK,True,100000,174000,1.74,29,29-shot,0.06899999999999999,0.079,7558.0,0.07558,15.579999999999997,7558.0,0.07558,0.0,0.08557999999999999,9.999999999999995,-4770.51333069585,4770.51333069585,0.963830049631481,0.0016769683774959878,-10.051350771475809,8377.704691359293,3773.9762417003594,6700.0,12100.0,0.17160411672187445,0.07980818598505654,0.4650715117423716,0.31743374923829426,0.2514168269018722
Upper Fan,scam_0769_0735205292_084_ca0_scam02769_aegis_0769a__________01p02.wav,C:\Users\cmkua\Downloads\Concatenated Multishot WAVs\Upper Fan\scam_0769_0735205292_084_ca0_scam02769_aegis_0769a__________01p02.wav,NO PEAK,True,100000,174000,1.74,29,29-shot,0.06899999999999999,0.079,,,,,,,,,,,,,,,,,,,,,,
Upper Fan,scam_0770_0735292130_729_ca0_scam01770_holzwarth____________01p02.wav,C:\Users\cmkua\Downloads\Concatenated Multishot WAVs\Upper Fan\scam_0770_0735292130_729_ca0_scam01770_holzwarth____________01p02.wav,LONG PEAK-ONSET LAG,True,100000,174000,1.74,29,29-shot,0.06899999999999999,0.079,7304.0,0.07304,13.039999999999996,7371.0,0.07371,0.67,0.08303999999999999,9.999999999999995,-4795.721796439631,4795.721796439631,0.754171431930778,0.0016681534791987394,15.32931510524175,6235.766869422094,2538.747926405421,3400.0,8700.0,2.533080352325041,0.17552092294525337,0.0692914943594852,0.06480117873323857,2.7086069478428043
Upper Fan,scam_0772_0735468716_494_ca0_scam01772_junco_lake___________01p02.wav,C:\Users\cmkua\Downloads\Concatenated Multishot WAVs\Upper Fan\scam_0772_0735468716_494_ca0_scam01772_junco_lake___________01p02.wav,OK,False,100000,174000,1.74,29,29-shot,0.06899999999999999,0.079,6985.0,0.06985,9.849999999999998,7018.0,0.07018,0.33,0.07984999999999999,9.999999999999995,-4308.216630595168,4308.216630595168,0.9268696061387608,0.0018569168372795644,14.85440907276879,6720.095795184123,2722.2414435096634,5200.0,9000.0,9.15536612948123,0.6016776839844463,0.06571858246574996,0.061665451926871985,9.75712761657801
Upper Fan,scam_0773_0735557486_652_ca0_scam01773_eagle_lake___________01p02.wav,C:\Users\cmkua\Downloads\Concatenated Multishot WAVs\Upper Fan\scam_0773_0735557486_652_ca0_scam01773_eagle_lake___________01p02.wav,OK,False,100000,174000,1.74,29,29-shot,0.06899999999999999,0.079,7181.0,0.07181,11.81,7213.0,0.07213,0.32,0.08181,9.999999999999995,-1750.7436080744742,1750.7436080744742,0.8598620902781764,0.004569486910078549,12.607970708773239,6618.77841410146,2236.6343054205454,6600.0,8000.0,6.419356336190518,0.4481092198524938,0.06980594258744924,0.06524990971343612,6.8675837533031885
Upper Fan,scam_0773_0735560225_804_ca0_scam02773_ptarmigan_lake_______01p02.wav,C:\Users\cmkua\Downloads\Concatenated Multishot WAVs\Upper Fan\scam_0773_0735560225_804_ca0_scam02773_ptarmigan_lake_______01p02.wav,NO PEAK,True,100000,174000,1.74,29,29-shot,0.06899999999999999,0.079,,,,,,,,,,,,,,,,,,,,,,
Upper Fan,scam_0774_0735647472_561_ca0_scam01774_finch_lake___________01p02.wav,C:\Users\cmkua\Downloads\Concatenated Multishot WAVs\Upper Fan\scam_0774_0735647472_561_ca0_scam01774_finch_lake___________01p02.wav,LONG PEAK-ONSET LAG,True,100000,174000,1.74,29,29-shot,0.06899999999999999,0.079,6887.0,0.06887,8.870000000000003,7179.0,0.07179,2.92,0.07887,9.999999999999995,-11477.972318124406,11477.972318124406,0.9284015580060976,0.0006969872184974275,-29.98728156888319,5887.876102751423,2761.048622887849,4200.0,8200.0,62.98902680077063,6.820655854666493,0.10828323917814596,0.09770338122061735,69.80982407625417
Upper Fan,scam_0775_0735740021_115_ca0_scam01775_skeleton_gulch_______01p02.wav,C:\Users\cmkua\Downloads\Concatenated Multishot WAVs\Upper Fan\scam_0775_0735740021_115_ca0_scam01775_skeleton_gulch_______01p02.wav,OK,False,100000,174000,1.74,29,29-shot,0.06899999999999999,0.079,7190.0,0.0719,11.900000000000007,7218.0,0.07218,0.27999999999999997,0.0819,9.999999999999995,-6164.583772354957,6164.583772354957,0.7266875343113638,0.0012977356291070223,18.543846998873676,7705.345747380522,4343.975169250447,6200.0,10700.0,0.80063464421203,0.20879748251034652,0.26078996708397645,0.20682961051506776,1.0095144597061232
Upper Fan,scam_0777_0735912628_587_ca0_scam01777_rainbow_curve________01p02.wav,C:\Users\cmkua\Downloads\Concatenated Multishot WAVs\Upper Fan\scam_0777_0735912628_587_ca0_scam01777_rainbow_curve________01p02.wav,LONG PEAK-ONSET LAG,True,100000,174000,1.74,29,29-shot,0.06899999999999999,0.079,7500.0,0.075,15.0,7549.0,0.07549,0.49,0.08499999999999999,9.999999999999995,-13286.339464578505,13286.339464578505,0.9320494822265114,0.0006021222038867868,17.27421940705022,5767.9605606275045,3161.7943589988763,3500.0,8100.0,0.5615907255914975,0.04521237491490834,0.08050769511424578,0.07450563866650399,0.6068315864962148
Upper Fan,scam_0782_0736362087_277_ca0_scam01782_finch_lake_782_______01p02.wav,C:\Users\cmkua\Downloads\Concatenated Multishot WAVs\Upper Fan\scam_0782_0736362087_277_ca0_scam01782_finch_lake_782_______01p02.wav,LONG PEAK-ONSET LAG,True,100000,174000,1.74,29,29-shot,0.06899999999999999,0.079,7313.0,0.07313,13.130000000000003,7478.0,0.07478,1.65,0.08313,9.999999999999995,-5331.138035134143,5331.138035134143,0.7530089940350945,0.001500617681867752,9.601319389427106,5358.496034254965,2004.6574600208432,4200.0,7500.0,5.720087537586324,0.10296860436652136,0.0180012287731475,0.017682810891599322,5.823090287949596
Upper Fan,scam_0784_0736535004_617_ca0_scam02784_pipit_lake_784_______01p02.wav,C:\Users\cmkua\Downloads\Concatenated Multishot WAVs\Upper Fan\scam_0784_0736535004_617_ca0_scam02784_pipit_lake_784_______01p02.wav,OK,False,100000,174000,1.74,29,29-shot,0.06899999999999999,0.079,7086.0,0.07086,10.860000000000008,7120.0,0.0712,0.34,0.08086,9.999999999999995,-22775.403512624012,22775.403512624012,0.8651743481752232,0.00035125612573958296,17.63431308866138,7026.694423654266,3302.6106734040095,6500.0,9600.0,3.4054353262602937,0.49451261429880433,0.14521274577892435,0.12677977469741983,3.9005639147019915
Upper Fan,scam_0785_0736623545_743_ca0_scam04785_baker_gulch__________01p02.wav,C:\Users\cmkua\Downloads\Concatenated Multishot WAVs\Upper Fan\scam_0785_0736623545_743_ca0_scam04785_baker_gulch__________01p02.wav,OK,False,100000,174000,1.74,29,29-shot,0.06899999999999999,0.079,6983.0,0.06983,9.830000000000005,7016.0,0.07016,0.33,0.07983,9.999999999999995,-6125.99637797181,6125.99637797181,0.8988544728950166,0.0013059100114337046,17.825445495407276,6747.794844521673,2953.1837136086983,3900.0,8800.0,3.474551768742638,0.38610103326210254,0.11112254442011776,0.10000597149007069,3.860779786539421
Upper Fan,scam_0785_0736626207_089_ca0_scam05785_aspenglen____________01p02.wav,C:\Users\cmkua\Downloads\Concatenated Multishot WAVs\Upper Fan\scam_0785_0736626207_089_ca0_scam05785_aspenglen____________01p02.wav,OK,False,100000,174000,1.74,29,29-shot,0.06899999999999999,0.079,6948.0,0.06948,9.480000000000002,6976.0,0.06976,0.27999999999999997,0.07948,9.999999999999995,-3717.586931585565,3717.586931585565,0.8127792698410341,0.0021519335384009354,14.24054967945684,7275.620691599125,3172.4764432312363,5600.0,10400.0,2.196742021351846,0.4651211280501223,0.21173224872527038,0.1747300796073328,2.6619408008934644
Upper Fan,scam_0786_0736709829_994_ca0_scam01786_box_lake_____________01p02.wav,C:\Users\cmkua\Downloads\Concatenated Multishot WAVs\Upper Fan\scam_0786_0736709829_994_ca0_scam01786_box_lake_____________01p02.wav,NO CLEAN ONSET BEFORE PEAK,True,100000,174000,1.74,29,29-shot,0.06899999999999999,0.079,6907.0,0.06907,9.07000000000001,6907.0,0.06907,0.0,0.07907,9.999999999999995,-7795.377674970104,7795.377674970104,0.9476331200762047,0.0010262491868337452,-3.7977090589972553,9178.18871971484,5519.408878030223,4100.0,15500.0,0.028501223927974616,0.016996208267235788,0.5963325754075288,0.3735378068097329,0.045500637304681346
Upper Fan,scam_0789_0736977911_697_ca0_scam01789_spirit_lake__________01p02.wav,C:\Users\cmkua\Downloads\Concatenated Multishot WAVs\Upper Fan\scam_0789_0736977911_697_ca0_scam01789_spirit_lake__________01p02.wav,LONG PEAK-ONSET LAG,True,100000,174000,1.74,29,29-shot,0.06899999999999999,0.079,7581.0,0.07581,15.810000000000004,7622.0,0.07622,0.41,0.08581,9.999999999999995,-2360.2582989543375,2360.2582989543375,0.8216983261249531,0.003389459536502522,14.005523374095926,6310.162934641985,2801.241636208304,7400.0,8000.0,0.8614637386135373,0.07140326937038549,0.08288598366926485,0.07654134435057264,0.9328719004900949
Upper Fan,scam_0791_0737161909_605_ca0_scam01791_ouzel_falls_791_scam_01p02.wav,C:\Users\cmkua\Downloads\Concatenated Multishot WAVs\Upper Fan\scam_0791_0737161909_605_ca0_scam01791_ouzel_falls_791_scam_01p02.wav,OK,False,100000,174000,1.74,29,29-shot,0.06899999999999999,0.079,6887.0,0.06887,8.870000000000003,6913.0,0.06913,0.25999999999999995,0.07887,9.999999999999995,-12181.67696033612,12181.67696033612,0.8972711849532653,0.0006567240311862006,17.602007257255657,6337.417275188778,3631.4055017025103,3600.0,10200.0,3.217863542911205,0.5899853972496852,0.18334692860093277,0.15493060913826737,3.808062206243277
Upper Fan,scam_0792_0737243944_854_ca0_scam01792_mount_ida____________01p02.wav,C:\Users\cmkua\Downloads\Concatenated Multishot WAVs\Upper Fan\scam_0792_0737243944_854_ca0_scam01792_mount_ida____________01p02.wav,OK,False,100000,174000,1.74,29,29-shot,0.06899999999999999,0.079,7863.0,0.07863,18.630000000000006,7893.0,0.07893,0.3,0.08863,9.999999999999995,-6053.912837591392,6053.912837591392,0.9292040398119437,0.001321459395702644,10.894752842139424,5637.384998874478,2911.9199205204886,3500.0,8200.0,0.7494633519265073,0.04789211038839412,0.06390187093910156,0.06006229822291952,0.7973739234992957
Upper Fan,scam_0792_0737246780_980_ca0_scam02792_coyote_valley________01p02.wav,C:\Users\cmkua\Downloads\Concatenated Multishot WAVs\Upper Fan\scam_0792_0737246780_980_ca0_scam02792_coyote_valley________01p02.wav,OK,False,100000,174000,1.74,29,29-shot,0.06899999999999999,0.079,7065.0,0.07065,10.650000000000007,7100.0,0.071,0.35,0.08065,9.999999999999995,-7007.64216861423,7007.64216861423,0.9765347510008846,0.0011416108025364556,15.314893381449243,6631.924799085244,2363.1941356430366,7300.0,8400.0,7.601032709121101,0.5217705144336067,0.06864468742615612,0.06423189600283202,8.123230776351386
Upper Fan,scam_0795_0737511539_290_ca0_scam01795_chipmunk_lake________01p02.wav,C:\Users\cmkua\Downloads\Concatenated Multishot WAVs\Upper Fan\scam_0795_0737511539_290_ca0_scam01795_chipmunk_lake________01p02.wav,OK,False,100000,174000,1.74,29,29-shot,0.06899999999999999,0.079,7180.0,0.0718,11.800000000000004,7209.0,0.07209,0.29,0.0818,9.999999999999995,-10094.014207209506,10094.014207209506,0.6234861028152829,0.0007925489142155273,19.922093519146863,7318.456329473768,3486.798193822288,3900.0,10100.0,1.6527911553224326,0.30172272952925566,0.1825534512074482,0.15436351830006478,1.9546245955779633
Upper Fan,scam_0795_0737514363_873_ca0_scam02795_alberta_falls________01p02.wav,C:\Users\cmkua\Downloads\Concatenated Multishot WAVs\Upper Fan\scam_0795_0737514363_873_ca0_scam02795_alberta_falls________01p02.wav,OK,False,100000,174000,1.74,29,29-shot,0.06899999999999999,0.079,6984.0,0.06984,9.840000000000002,7018.0,0.07018,0.34,0.07984,9.999999999999995,-10237.242184618844,10237.242184618844,0.82739398862618,0.0007814604612968681,20.565185746893402,6842.904389435488,2879.019288060664,6700.0,8600.0,5.257495702197685,0.49322842609997897,0.09381432796869517,0.08576220859221548,5.751116187377999
Upper Fan,scam_0856_0742928264_896_ca0_scam03856_mount_patterson______01p02.wav,C:\Users\cmkua\Downloads\Concatenated Multishot WAVs\Upper Fan\scam_0856_0742928264_896_ca0_scam03856_mount_patterson______01p02.wav,OK,False,100000,174000,1.74,29,29-shot,0.06899999999999999,0.079,7197.0,0.07197,11.970000000000008,7227.0,0.07227,0.3,0.08197,9.999999999999995,-4194.613019904624,4194.613019904624,0.7916981439972489,0.001907208117182143,13.938774919664151,6853.113095489362,3475.219442509013,4200.0,10200.0,1.9427900920551842,0.36742661591457815,0.18912316745752764,0.15903940449020998,2.310286668214957
Upper Fan,scam_0856_0742943473_087_ca0_scam07856_aegis_0856a__________01p02.wav,C:\Users\cmkua\Downloads\Concatenated Multishot WAVs\Upper Fan\scam_0856_0742943473_087_ca0_scam07856_aegis_0856a__________01p02.wav,OK,False,100000,174000,1.74,29,29-shot,0.06899999999999999,0.079,7256.0,0.07256,12.560000000000002,7290.0,0.0729,0.34,0.08256,9.999999999999995,-3826.2062073271945,3826.2062073271945,0.8116499935991629,0.002090843923853341,15.069950448830502,6270.4584446076005,2051.0456625904867,6700.0,8000.0,2.6587918289315398,0.10071052581888797,0.0378783042444355,0.036494356602567585,2.7596191629201763
Upper Fan,scam_0857_0743015607_087_ca0_scam01857_cub_lake_____________01p02.wav,C:\Users\cmkua\Downloads\Concatenated Multishot WAVs\Upper Fan\scam_0857_0743015607_087_ca0_scam01857_cub_lake_____________01p02.wav,OK,False,100000,174000,1.74,29,29-shot,0.06899999999999999,0.079,6983.0,0.06983,9.830000000000005,7014.0,0.07014,0.31,0.07983,9.999999999999995,-6617.091641958047,6617.091641958047,0.9481450066414489,0.0012089903590382707,15.798137028091293,10289.98463795413,6595.883163662329,19500.0,19500.0,6.531860642775503,3.686834017132999,0.5644385602762031,0.36078265327840947,10.218989143826535
Upper Fan,scam_0857_0743017314_139_ca0_scam02857_hallett_peak_________01p02.wav,C:\Users\cmkua\Downloads\Concatenated Multishot WAVs\Upper Fan\scam_0857_0743017314_139_ca0_scam02857_hallett_peak_________01p02.wav,OK,False,100000,174000,1.74,29,29-shot,0.06899999999999999,0.079,6925.0,0.06925,9.250000000000009,6954.0,0.06954,0.29,0.07925,9.999999999999995,-3921.9542161685195,3921.9542161685195,0.8807566177483989,0.00203979943646957,13.407926490836982,9233.447654642547,5963.186997761332,19500.0,19500.0,9.084262571315453,3.2260091496251206,0.35512064125178366,0.26205447631064244,12.310452372509644
Upper Fan,scam_0857_0743018202_167_ca0_scam03857_granite_falls________01p02.wav,C:\Users\cmkua\Downloads\Concatenated Multishot WAVs\Upper Fan\scam_0857_0743018202_167_ca0_scam03857_granite_falls________01p02.wav,NO PEAK,True,100000,174000,1.74,29,29-shot,0.06899999999999999,0.079,,,,,,,,,,,,,,,,,,,,,,
Upper Fan,scam_0858_0743103458_459_ca0_scam01858_corral_creek_________01p02.wav,C:\Users\cmkua\Downloads\Concatenated Multishot WAVs\Upper Fan\scam_0858_0743103458_459_ca0_scam01858_corral_creek_________01p02.wav,LONG PEAK-ONSET LAG,True,100000,174000,1.74,29,29-shot,0.06899999999999999,0.079,7028.0,0.07028,10.279999999999998,7078.0,0.07078,0.5,0.08027999999999999,9.999999999999995,-5398.176225159844,5398.176225159844,0.9633905364895752,0.0014819820002751234,13.512493465104336,6417.21867168531,2844.161666898774,6800.0,8000.0,5.382066217756794,0.43680479809987377,0.08115931325013144,0.07506426397991726,5.8190778799448
Upper Fan,scam_0858_0743106427_730_ca0_scam02858_estes_cone___________01p02.wav,C:\Users\cmkua\Downloads\Concatenated Multishot WAVs\Upper Fan\scam_0858_0743106427_730_ca0_scam02858_estes_cone___________01p02.wav,OK,False,100000,174000,1.74,29,29-shot,0.06899999999999999,0.079,6887.0,0.06887,8.870000000000003,6917.0,0.06917,0.3,0.07887,9.999999999999995,-7673.892991539543,7673.892991539543,0.937194146767418,0.0010424956418886723,17.5832270667977,6328.977854327898,2516.271245498589,4800.0,8400.0,12.220786273343998,1.0011085997947482,0.0819185097752972,0.07571569656804021,13.221942677303701
Upper Fan,scam_0859_0743192855_122_ca0_scam01859_fox_creek____________01p02.wav,C:\Users\cmkua\Downloads\Concatenated Multishot WAVs\Upper Fan\scam_0859_0743192855_122_ca0_scam01859_fox_creek____________01p02.wav,OK,False,100000,174000,1.74,29,29-shot,0.06899999999999999,0.079,7064.0,0.07064,10.639999999999997,7082.0,0.07082,0.18000000000000002,0.08063999999999999,9.999999999999995,-1681.3778973703213,1681.3778973703213,0.9732290345076705,0.004758002357775737,9.902192798702965,8635.736653875332,5577.0191931980635,19500.0,19500.0,14.14427963621545,4.86136979322953,0.343698648376714,0.2557835918213939,19.005792195709258
Upper Fan,scam_0867_0743904868_325_ca0_scam01867_st_vrain_creek_______01p02.wav,C:\Users\cmkua\Downloads\Concatenated Multishot WAVs\Upper Fan\scam_0867_0743904868_325_ca0_scam01867_st_vrain_creek_______01p02.wav,OK,False,100000,174000,1.74,29,29-shot,0.06899999999999999,0.079,6979.0,0.06979,9.790000000000006,7001.0,0.07001,0.22,0.07979,9.999999999999995,-6543.978355010873,6543.978355010873,0.9743884866199879,0.0012224979310749427,16.34148062581426,6891.871895723978,3454.6445658051493,4500.0,9700.0,1.7385985175898524,0.2660709637525582,0.15303761107619107,0.13272306047305055,2.0047078691843754
Upper Fan,scam_0868_0744010741_092_ca0_scam02868_aegis_0868a__________01p02.wav,C:\Users\cmkua\Downloads\Concatenated Multishot WAVs\Upper Fan\scam_0868_0744010741_092_ca0_scam02868_aegis_0868a__________01p02.wav,NO CLEAN ONSET BEFORE PEAK,True,100000,174000,1.74,29,29-shot,0.06899999999999999,0.079,7163.0,0.07163,11.63,7163.0,0.07163,0.0,0.08163,9.999999999999995,-4150.933046276645,4150.933046276645,0.9238975791870349,0.0019272775327407266,-3.674123954445024,8745.32939297179,4781.507775533207,5600.0,14800.0,0.04903895105971047,0.019576850272969116,0.3992102165711515,0.28529399601284844,0.06861991681061334
Upper Fan,scam_0870_0744168720_656_ca0_scam01870_lake_louise__________01p02.wav,C:\Users\cmkua\Downloads\Concatenated Multishot WAVs\Upper Fan\scam_0870_0744168720_656_ca0_scam01870_lake_louise__________01p02.wav,NO PEAK,True,100000,174000,1.74,29,29-shot,0.06899999999999999,0.079,,,,,,,,,,,,,,,,,,,,,,
Upper Fan,scam_0871_0744257479_682_ca0_scam01871_chickadee_pond_______01p02.wav,C:\Users\cmkua\Downloads\Concatenated Multishot WAVs\Upper Fan\scam_0871_0744257479_682_ca0_scam01871_chickadee_pond_______01p02.wav,NO CLEAN ONSET BEFORE PEAK,True,100000,174000,1.74,29,29-shot,0.06899999999999999,0.079,7885.0,0.07885,18.850000000000005,7885.0,0.07885,0.0,0.08885,9.999999999999995,-2446.7554053362383,2446.7554053362383,0.8945062758250255,0.00326963618126783,13.5295183374354,11153.17260174876,6901.823015357897,19500.0,19600.0,0.27167056065811857,0.19340539114262784,0.7119114808542585,0.4158416006560406,0.4650938983437621
Upper Fan,scam_0872_0744346253_037_ca0_scam01872_hague_creek__________01p02.wav,C:\Users\cmkua\Downloads\Concatenated Multishot WAVs\Upper Fan\scam_0872_0744346253_037_ca0_scam01872_hague_creek__________01p02.wav,OK,False,100000,174000,1.74,29,29-shot,0.06899999999999999,0.079,7227.0,0.07227,12.270000000000003,7238.0,0.07238,0.11,0.08227,9.999999999999995,-897.7984361541385,897.7984361541385,0.967681058665838,0.00891068604916407,10.706729760100695,15804.206008606576,6189.309659219482,19500.0,19600.0,1.0759363427027842,3.2716077502447085,3.0407075403980985,0.7521521265954829,4.349662301764948
Upper Fan,scam_0872_0744349038_166_ca0_scam02872_tent_rocks___________01p02.wav,C:\Users\cmkua\Downloads\Concatenated Multishot WAVs\Upper Fan\scam_0872_0744349038_166_ca0_scam02872_tent_rocks___________01p02.wav,OK,False,100000,174000,1.74,29,29-shot,0.06899999999999999,0.079,7694.0,0.07694,16.939999999999998,7722.0,0.07722,0.27999999999999997,0.08693999999999999,9.999999999999995,-25696.336292655193,25696.336292655193,0.9125059272119505,0.00031132842864788654,18.42381275098622,6051.799633633959,3762.2679428140773,3500.0,8900.0,0.14137589552482066,0.01975305830330986,0.139720128597466,0.12258934201864678,0.1611319383727932
Upper Fan,scam_0873_0744435707_931_ca0_scam02873_aegis_0873a__________01p02.wav,C:\Users\cmkua\Downloads\Concatenated Multishot WAVs\Upper Fan\scam_0873_0744435707_931_ca0_scam02873_aegis_0873a__________01p02.wav,LONG PEAK-ONSET LAG,True,100000,174000,1.74,29,29-shot,0.06899999999999999,0.079,7499.0,0.07499,14.990000000000004,7611.0,0.07611,1.1199999999999999,0.08499,9.999999999999995,-8158.67281568674,8158.67281568674,0.8355125670575775,0.0009805516388178162,14.666842444335712,6041.720759658421,2938.135851347442,4500.0,9200.0,0.6429128288352465,0.06670643125426505,0.10375657206143465,0.09400264940109566,0.7096228848788972
Upper Fan,scam_0875_0744613677_370_ca0_scam01875_ten_lake_park________01p02.wav,C:\Users\cmkua\Downloads\Concatenated Multishot WAVs\Upper Fan\scam_0875_0744613677_370_ca0_scam01875_ten_lake_park________01p02.wav,OK,False,100000,174000,1.74,29,29-shot,0.06899999999999999,0.079,7118.0,0.07118,11.179999999999996,7130.0,0.0713,0.12000000000000001,0.08117999999999999,9.999999999999995,-1185.439544843553,1185.439544843553,0.9914780395502055,0.006748551653096566,7.159572500116317,13386.657059832054,6990.04735270109,19500.0,19600.0,2.9472177345705277,4.044286359105721,1.3722387428884888,0.5784437833322342,6.991667082681481
Upper Fan,scam_0878_0744879302_671_ca0_scam01878_devils_gulch_________01p02.wav,C:\Users\cmkua\Downloads\Concatenated Multishot WAVs\Upper Fan\scam_0878_0744879302_671_ca0_scam01878_devils_gulch_________01p02.wav,OK,False,100000,174000,1.74,29,29-shot,0.06899999999999999,0.079,7519.0,0.07519,15.190000000000008,7537.0,0.07537,0.18000000000000002,0.08519,9.999999999999995,-2476.9398791838075,2476.9398791838075,0.8898055273429887,0.003229791755234742,11.917913200756152,7000.093589362323,3843.9100378935045,5400.0,9500.0,0.18000276630289505,0.027153095478222318,0.15084821214653524,0.13107405538877456,0.2071584296196863
Upper Fan,scam_0879_0744967655_849_ca0_scam01879_lake_dunraven________01p02.wav,C:\Users\cmkua\Downloads\Concatenated Multishot WAVs\Upper Fan\scam_0879_0744967655_849_ca0_scam01879_lake_dunraven________01p02.wav,OK,False,100000,174000,1.74,29,29-shot,0.06899999999999999,0.079,6884.0,0.06884,8.84,6907.0,0.06907,0.23,0.07884,9.999999999999995,-1699.3196876805996,1699.3196876805996,0.942716069681339,0.0047077663243690155,11.602078948530215,10568.907551817549,6234.533829080574,19500.0,19500.0,7.499990508232036,4.324908989802713,0.5766552617707538,0.36573572493014894,11.8252297902501
Upper Fan,scam_0885_0745501980_614_ca0_scam01885_marguerite_falls_____01p02.wav,C:\Users\cmkua\Downloads\Concatenated Multishot WAVs\Upper Fan\scam_0885_0745501980_614_ca0_scam01885_marguerite_falls_____01p02.wav,OK,False,100000,174000,1.74,29,29-shot,0.06899999999999999,0.079,6951.0,0.06951,9.510000000000005,6983.0,0.06983,0.32,0.07951,9.999999999999995,-9789.525476549956,9789.525476549956,0.9255228991214247,0.0008171999775845495,16.72433739995157,7266.045429807397,3374.495117971188,4400.0,10100.0,1.7818344579411547,0.33913708295656386,0.19033029776987503,0.15989408027634838,2.121010874013759
Upper Fan,scam_0886_0745610048_933_ca0_scam06886_aegis_0886a__________01p02.wav,C:\Users\cmkua\Downloads\Concatenated Multishot WAVs\Upper Fan\scam_0886_0745610048_933_ca0_scam06886_aegis_0886a__________01p02.wav,OK,False,100000,174000,1.74,29,29-shot,0.06899999999999999,0.079,7792.0,0.07792,17.920000000000005,7819.0,0.07819,0.27,0.08792,9.999999999999995,-2005.2169230561196,2005.2169230561196,0.8857930772978584,0.003989593299365999,13.563023014247104,5728.733662473391,2890.180716683068,4800.0,7500.0,0.42820575101714903,0.027969647833186152,0.0653182442476491,0.06131280842903407,0.456179525124173
Upper Fan,scam_0887_0745677802_921_ca0_scam01887_fairchild_mountain___01p02.wav,C:\Users\cmkua\Downloads\Concatenated Multishot WAVs\Upper Fan\scam_0887_0745677802_921_ca0_scam01887_fairchild_mountain___01p02.wav,OK,False,100000,174000,1.74,29,29-shot,0.06899999999999999,0.079,7112.0,0.07112,11.120000000000005,7139.0,0.07139,0.27,0.08112,9.999999999999995,-5718.950629410718,5718.950629410718,0.8185001844571438,0.001398858028054759,16.837976289279,8634.645823744879,4922.126870526817,8500.0,13700.0,0.5719868192178589,0.16832912497089086,0.294288468396992,0.2273645234311969,0.7403491205690635
Upper Fan,scam_0889_0745859414_195_ca0_scam02889_blue_river___________01p02.wav,C:\Users\cmkua\Downloads\Concatenated Multishot WAVs\Upper Fan\scam_0889_0745859414_195_ca0_scam02889_blue_river___________01p02.wav,LONG PEAK-ONSET LAG,True,100000,174000,1.74,29,29-shot,0.06899999999999999,0.079,7469.0,0.07469,14.690000000000008,7517.0,0.07517,0.48000000000000004,0.08469,9.999999999999995,-8524.299414932055,8524.299414932055,0.8378156514539321,0.0009384935477496677,16.52763165862812,5931.820820617871,2436.4403585197083,6100.0,7700.0,0.732834484175844,0.035662122098774424,0.04866326963158748,0.046404487846064484,0.7685058871261499
Upper Fan,scam_0890_0745944396_840_ca0_scam01890_thunderbolt_peak_890_01p02.wav,C:\Users\cmkua\Downloads\Concatenated Multishot WAVs\Upper Fan\scam_0890_0745944396_840_ca0_scam01890_thunderbolt_peak_890_01p02.wav,LONG PEAK-ONSET LAG,True,100000,174000,1.74,29,29-shot,0.06899999999999999,0.079,6913.0,0.06913,9.129999999999999,6958.0,0.06958,0.45,0.07912999999999999,9.999999999999995,-3958.917303460214,3958.917303460214,0.8040188003540208,0.00202075451109013,14.873041035992694,6408.463588432298,2924.568389191682,5100.0,9200.0,6.371862361232433,0.7874781188390395,0.12358680621072408,0.10999136518150468,7.159453994771
Upper Fan,scam_0895_0746387573_576_ca0_scam01895_elk_mountain_________01p02.wav,C:\Users\cmkua\Downloads\Concatenated Multishot WAVs\Upper Fan\scam_0895_0746387573_576_ca0_scam01895_elk_mountain_________01p02.wav,OK,False,100000,174000,1.74,29,29-shot,0.06899999999999999,0.079,7031.0,0.07031,10.31,7060.0,0.0706,0.29,0.08030999999999999,9.999999999999995,-10551.944637135994,10551.944637135994,0.9500582201890584,0.000758154091507,20.871105576865737,7516.622818001146,3609.166390075901,7700.0,10300.0,1.5506154324694192,0.31196074223330267,0.20118511379478035,0.16747545613747736,1.8627251385254933
Upper Fan,scam_0895_0746390265_681_ca0_scam02895_willow_creek_________01p02.wav,C:\Users\cmkua\Downloads\Concatenated Multishot WAVs\Upper Fan\scam_0895_0746390265_681_ca0_scam02895_willow_creek_________01p02.wav,LONG PEAK-ONSET LAG,True,100000,174000,1.74,29,29-shot,0.06899999999999999,0.079,7188.0,0.07188,11.880000000000003,7233.0,0.07233,0.45,0.08188,9.999999999999995,-9379.377899091995,9379.377899091995,0.8885690174084908,0.0008529350332258678,17.6910338969211,5833.449116250002,2363.1823691978575,4800.0,7700.0,0.9552101516860922,0.041776303686641245,0.04373519650403596,0.041902456877729144,0.9969893605175464
Upper Fan,scam_0896_0746474974_670_ca0_scam01896_thunderbolt_peak_896_01p02.wav,C:\Users\cmkua\Downloads\Concatenated Multishot WAVs\Upper Fan\scam_0896_0746474974_670_ca0_scam01896_thunderbolt_peak_896_01p02.wav,OK,False,100000,174000,1.74,29,29-shot,0.06899999999999999,0.079,6933.0,0.06933,9.330000000000005,6959.0,0.06959,0.25999999999999995,0.07933,9.999999999999995,-44019.12056253697,44019.12056253697,0.9243959998362388,0.00018173920554897459,20.11287654178805,6751.347820011415,3931.5734010412807,4700.0,9500.0,1.4989341499172908,0.19855233198318006,0.1324623446561251,0.11695555069804811,1.6976734391666093
Upper Fan,scam_0897_0746565537_411_ca0_scam01897_gaskil_______________01p02.wav,C:\Users\cmkua\Downloads\Concatenated Multishot WAVs\Upper Fan\scam_0897_0746565537_411_ca0_scam01897_gaskil_______________01p02.wav,OK,False,100000,174000,1.74,29,29-shot,0.06899999999999999,0.079,7538.0,0.07538,15.380000000000004,7566.0,0.07566,0.27999999999999997,0.08538,9.999999999999995,-2615.067144447609,2615.067144447609,0.9152589542518194,0.00305919487267692,12.857681131172743,10066.015882125195,7078.663564354797,19500.0,19500.0,0.31884131171283403,0.19706421884875458,0.6180636310587049,0.38197532216021773,0.5159082469890475
Upper Fan,scam_0897_0746586271_740_ca0_scam05897_aegis_0897a__________01p02.wav,C:\Users\cmkua\Downloads\Concatenated Multishot WAVs\Upper Fan\scam_0897_0746586271_740_ca0_scam05897_aegis_0897a__________01p02.wav,OK,False,100000,174000,1.74,29,29-shot,0.06899999999999999,0.079,7880.0,0.0788,18.799999999999997,7891.0,0.07891,0.11,0.08879999999999999,9.999999999999995,-3958.4750094301603,3958.4750094301603,0.9270810000112616,0.0020209802969430985,13.869636769663053,6103.941401762016,3020.6843708027227,4700.0,8000.0,0.3746356185729718,0.031930748997640354,0.08523148204452125,0.078534676320683,0.4065815317969424
Upper Fan,scam_0898_0746652572_490_ca0_scam01898_aegis_0897b__________01p02.wav,C:\Users\cmkua\Downloads\Concatenated Multishot WAVs\Upper Fan\scam_0898_0746652572_490_ca0_scam01898_aegis_0897b__________01p02.wav,NO PEAK,True,100000,174000,1.74,29,29-shot,0.06899999999999999,0.079,,,,,,,,,,,,,,,,,,,,,,
Upper Fan,scam_0899_0746743043_561_ca0_scam01899_lake_granby__________01p02.wav,C:\Users\cmkua\Downloads\Concatenated Multishot WAVs\Upper Fan\scam_0899_0746743043_561_ca0_scam01899_lake_granby__________01p02.wav,OK,False,100000,174000,1.74,29,29-shot,0.06899999999999999,0.079,6934.0,0.06934,9.340000000000002,6960.0,0.0696,0.25999999999999995,0.07934,9.999999999999995,-6129.32620574788,6129.32620574788,0.9432564770444797,0.001305200560625712,14.027252964855087,7065.542425383152,2956.387478268513,7700.0,9200.0,4.970720283425316,0.4713377129263112,0.09482281964204856,0.08660668177264984,5.442278855153627
Upper Fan,scam_0901_0746919132_651_ca0_scam02901_aegis_0901a__________01p02.wav,C:\Users\cmkua\Downloads\Concatenated Multishot WAVs\Upper Fan\scam_0901_0746919132_651_ca0_scam02901_aegis_0901a__________01p02.wav,OK,False,100000,174000,1.74,29,29-shot,0.06899999999999999,0.079,7705.0,0.07705,17.049999999999997,7733.0,0.07733,0.27999999999999997,0.08704999999999999,9.999999999999995,-7256.692118796187,7256.692118796187,0.8884247801511235,0.0011024306762689444,17.207024884897997,6545.89820501133,3893.7986345236454,3100.0,9900.0,0.21458515529049785,0.036400803837959565,0.1696333737004381,0.1450261043333708,0.2509948398964452
Upper Fan,scam_0902_0747009719_834_ca0_scam01902_meadow_mountain______01p02.wav,C:\Users\cmkua\Downloads\Concatenated Multishot WAVs\Upper Fan\scam_0902_0747009719_834_ca0_scam01902_meadow_mountain______01p02.wav,OK,False,100000,174000,1.74,29,29-shot,0.06899999999999999,0.079,7624.0,0.07624,16.240000000000006,7653.0,0.07653,0.29,0.08624,9.999999999999995,-1961.0832496322655,1961.0832496322655,0.8370162722173373,0.004079378068983113,12.39776536273502,7444.867908755452,4759.01736584461,4500.0,10300.0,0.9133177925654701,0.18822213394922,0.20608613505766946,0.1708654005693704,1.1015813226200986
Upper Fan,scam_0905_0747275749_463_ca0_scam01905_radial_mountain______01p02.wav,C:\Users\cmkua\Downloads\Concatenated Multishot WAVs\Upper Fan\scam_0905_0747275749_463_ca0_scam01905_radial_mountain______01p02.wav,OK,False,100000,174000,1.74,29,29-shot,0.06899999999999999,0.079,6989.0,0.06989,9.889999999999995,7021.0,0.07021,0.32,0.07988999999999999,9.999999999999995,-5190.9372285240925,5190.9372285240925,0.976302937124671,0.0015411475130233064,14.919043915517836,6134.751715118058,3163.064860766469,4200.0,9300.0,3.671542653615274,0.4132445108398007,0.11255337328926014,0.10116493955769248,4.084858970376145
Upper Fan,scam_0906_0747363657_170_ca0_scam02906_aegis_0906a__________01p02.wav,C:\Users\cmkua\Downloads\Concatenated Multishot WAVs\Upper Fan\scam_0906_0747363657_170_ca0_scam02906_aegis_0906a__________01p02.wav,OK,False,100000,174000,1.74,29,29-shot,0.06899999999999999,0.079,7448.0,0.07448,14.480000000000008,7480.0,0.0748,0.32,0.08448,9.999999999999995,-1937.2572938315077,1937.2572938315077,0.8770197503393451,0.0041295495572390385,13.386902950884005,5635.792181361381,2379.245588424065,4000.0,7500.0,1.1880088188110862,0.04238785150380909,0.035679744823972966,0.03445004461318133,1.2304149959675403
Upper Fan,scam_0907_0747453509_526_ca0_scam01907_middle_mountain______01p02.wav,C:\Users\cmkua\Downloads\Concatenated Multishot WAVs\Upper Fan\scam_0907_0747453509_526_ca0_scam01907_middle_mountain______01p02.wav,OK,False,100000,174000,1.74,29,29-shot,0.06899999999999999,0.079,7856.0,0.07856,18.560000000000006,7876.0,0.07876,0.2,0.08856,9.999999999999995,-4939.482893986944,4939.482893986944,0.9103911637598138,0.0016196027340713666,15.799647044639013,7128.5185608011825,4679.605874768438,3900.0,11300.0,0.11507068790084322,0.027212936858920275,0.23648886919290643,0.191168380602642,0.14235061662987267
Upper Fan,scam_0907_0747456207_795_ca0_scam02907_sprague_glacier______01p02.wav,C:\Users\cmkua\Downloads\Concatenated Multishot WAVs\Upper Fan\scam_0907_0747456207_795_ca0_scam02907_sprague_glacier______01p02.wav,LONG PEAK-ONSET LAG,True,100000,174000,1.74,29,29-shot,0.06899999999999999,0.079,6968.0,0.06968,9.680000000000009,7021.0,0.07021,0.53,0.07968,9.999999999999995,-3648.474299499931,3648.474299499931,0.8611265382810992,0.0021926973697187616,14.73608160691313,6468.2270591896595,2797.4820362879505,4900.0,9000.0,11.781020682347082,1.6505180434537439,0.14009974924557372,0.12288335498081127,13.431583502187737
Upper Fan,scam_0907_0747473615_494_ca0_scam08907_aegis_0907a__________01p02.wav,C:\Users\cmkua\Downloads\Concatenated Multishot WAVs\Upper Fan\scam_0907_0747473615_494_ca0_scam08907_aegis_0907a__________01p02.wav,OK,False,100000,174000,1.74,29,29-shot,0.06899999999999999,0.079,7874.0,0.07874,18.740000000000006,7897.0,0.07897,0.23,0.08874,9.999999999999995,-5750.085717912782,5750.085717912782,0.9159949082255433,0.0013912836073170598,16.20651673216236,5786.873894067292,3561.4009993481773,4100.0,8300.0,0.19204850541605534,0.02107660129835096,0.1097462396423781,0.0988856645700815,0.2131411199993879
